[
{
    "model": "auth.user",
    "fields": {
        "password": "pbkdf2_sha256$870000$lXev14ldbfR1uT2kCoRJHO$3kqk7LfwW+7z8dw18kTGjxoC++jpViCnjeSJfmOilNA=",
        "last_login": "2024-11-05T16:39:51.588Z",
        "is_superuser": true,
        "username": "dilozy",
        "first_name": "",
        "last_name": "",
        "email": "denfil228@yandex.ru",
        "is_staff": true,
        "is_active": true,
        "date_joined": "2024-09-25T11:09:19.237Z",
        "groups": [],
        "user_permissions": []
    }
},
{
    "model": "auth.user",
    "fields": {
        "password": "pbkdf2_sha256$870000$O7mbUTQOBkDLurYZq05T26$jWm+KcCbyTQ+D01ZCzj0m4AXOVDnUVgNdgNZk2YL/ZI=",
        "last_login": "2024-10-15T16:37:10.745Z",
        "is_superuser": false,
        "username": "test5",
        "first_name": "test",
        "last_name": "test",
        "email": "denfil228@yandex.ru",
        "is_staff": false,
        "is_active": true,
        "date_joined": "2024-10-15T16:36:02.214Z",
        "groups": [],
        "user_permissions": []
    }
},
{
    "model": "auth.user",
    "fields": {
        "password": "pbkdf2_sha256$870000$FFwCtyXoxybt6RKSzzMv9Y$FdPnp6Wa6WKcpBZS0iHTxuGNGUNxdWPKdowbEBXoa9o=",
        "last_login": null,
        "is_superuser": false,
        "username": "seconduser",
        "first_name": "",
        "last_name": "",
        "email": "secondemail@yandex.ru",
        "is_staff": false,
        "is_active": true,
        "date_joined": "2024-10-22T09:46:21.730Z",
        "groups": [],
        "user_permissions": []
    }
},
{
    "model": "auth.user",
    "fields": {
        "password": "pbkdf2_sha256$870000$m5elczzFlt6YNmTy4y9FJT$eciE4Ye7Kso7beIeziP/N/rXwgWU+ItcH4OXBaQDN9U=",
        "last_login": "2024-11-04T11:25:20.807Z",
        "is_superuser": false,
        "username": "dilozy2",
        "first_name": "Den",
        "last_name": "Fill",
        "email": "denfil228@yandex.ru",
        "is_staff": false,
        "is_active": true,
        "date_joined": "2024-11-04T11:24:14.150Z",
        "groups": [],
        "user_permissions": []
    }
},
{
    "model": "sessions.session",
    "pk": "0dw1ms1w2p0bq7ldt63l4ifsy9ko3lbs",
    "fields": {
        "session_data": "eyJfcGFzc3dvcmRfcmVzZXRfdG9rZW4iOiJjZW9ubGwtNGU2MjA2MzdkYjU1NTBhNGEyMTIzMzFlZjQxZTZjYzMifQ:1syqF9:uHy8Yoxl7YGy1CAuFhr1nMgzsFMLD3b5tvnZNArjQtw",
        "expire_date": "2024-10-24T10:18:03.046Z"
    }
},
{
    "model": "sessions.session",
    "pk": "3k7d4jk3s9osrro107uaiqqenjh8n6qo",
    "fields": {
        "session_data": ".eJxVjDsOwjAQBe_iGln-xl5K-pzBsncXEkC2FCcV4u4QKQW0b2beS6S8rVPaOi9pJnEWVpx-t5LxwXUHdM_11iS2ui5zkbsiD9rl2Iifl8P9O5hyn761CUp7IA5aOY9qCDHqq9WMFlzBCBiiIoi5kCmeIIP16Ay6QQHbMrB4fwC-RjdU:1sysw4:SWiWAT_C3VzzwrrWqAglVEf9srgpybGdGL5rUq8HUaU",
        "expire_date": "2024-10-24T13:10:32.940Z"
    }
},
{
    "model": "sessions.session",
    "pk": "3kywz6zm3yflxxm5s6sml6w7jp91apoo",
    "fields": {
        "session_data": "e30:1t0HHs:MRWzLIi0Bqswo0bzfALBVj8QT8za6jRE2h6RVIhhkl0",
        "expire_date": "2024-11-13T09:22:48.037Z"
    }
},
{
    "model": "sessions.session",
    "pk": "5qj2usksf67zy0vmm8lqo1uxn38fuizw",
    "fields": {
        "session_data": "e30:1sySVD:hsz-4992hWYepbiiBk4u06UAHNwXyNcODLtOvT8pjD0",
        "expire_date": "2024-10-23T08:57:03.007Z"
    }
},
{
    "model": "sessions.session",
    "pk": "6al8fm4n5hs6vjfjkswlztftnfl6a98v",
    "fields": {
        "session_data": ".eJxVjEsOwjAMBe-SNYpI47gxS_Y9Q2XXCSmgVOpnhbg7VOoCtm9m3sv0vK2l35Y096Oai3Hm9LsJD49Ud6B3rrfJDlNd51HsrtiDLrabND2vh_t3UHgp37qFrIQhZwFGhEYC5TNDQJIYs2dBbAK55NWjA9XQRmLfRg_eCQGZ9wfZUjcK:1stPty:SqKMjcRF3cWJkH1OrSPge3n2wgWfR7PujikNZCuZpkc",
        "expire_date": "2024-10-09T11:09:46.766Z"
    }
},
{
    "model": "sessions.session",
    "pk": "7ne5c729mn8cww6aogh3mpv9tiifkv4d",
    "fields": {
        "session_data": ".eJxVjEEOwiAQRe_C2pCOlAJduvcMhOkMFjXQlDbRGO-uTbrp9r_3_kf4yrWmkj2_pjS_Rd-chA_rMvq18uwTiV6AOGwYhgfnDdA95FuRQ8nLnFBuitxplddC_Lzs7uFgDHX8110AR8bqaM-uZWtbhEgKwAK1RitlmLsYtDMBoTOMrnEaOVpwygAhie8P9QM-1A:1t3xns:ZLMNFOE_Uc6o2JwZOYRUvVDD1bkg9sxUPdkcfEVerLA",
        "expire_date": "2024-11-23T13:23:04.991Z"
    }
},
{
    "model": "sessions.session",
    "pk": "7t6e3z5u67nd67rvfwqgzvwz2w7nb58s",
    "fields": {
        "session_data": ".eJxVjDkOwjAUBe_iGll8xyslPWew_mLjAIqlLBXi7ihSCmjfzLy3yritLW9LmfMo6qKsOv1uhPws0w7kgdO9a-7TOo-kd0UfdNG3LuV1Pdy_g4ZL22trxROfY0APLjJITehDSAWJndghoLPVDFQ8RyMJ2GCUCFBqJYBBfb72pjhn:1t0Hfe:YFlUUe8VY_7ameBvuLU76Bcq2fSeYyZbAVAoThskVpI",
        "expire_date": "2024-11-13T09:47:22.237Z"
    }
},
{
    "model": "sessions.session",
    "pk": "7u58v09zlvzho3t6yw0v4eftlwbsfnw6",
    "fields": {
        "session_data": "e30:1sySVv:KokfuGLPjBrcflqFBkE_BNS9XbbVLk3SMgpolJtDOfM",
        "expire_date": "2024-10-23T08:57:47.386Z"
    }
},
{
    "model": "sessions.session",
    "pk": "81gxp41mhfjvnw1qicaftdsqxb5nkvxc",
    "fields": {
        "session_data": "e30:1t0HHr:Ml9QQt4IwsHrAEvzZTI1CNGWETLtgCS1SXWY4PKyRC8",
        "expire_date": "2024-11-13T09:22:47.692Z"
    }
},
{
    "model": "sessions.session",
    "pk": "8xi03f6517llj2lplze2thbxg8lrmqzs",
    "fields": {
        "session_data": ".eJxVjkELgkAUhP_LnkN6rrq73TpEFJGXoOPy1n3moii4K4nRf8-sQ50GZvhm5sHC3YWi0j5gILZhcrqKmoLDaRyPOzo0fG_zOo7liRRX_sxWTOMQKj146rWzMwL_nsGipvYd-K5w2Oii6yn6uj767EWXRfLtjMX_fIW-muEMQVkh01LGKiEpEwOl5QASbCJSzgVRVmKqBBrIBBm1VqmhUoLiAqyxc-l3f6lu0AfddDfX_hz8fGHPF6ItV8I:1t0n8s:BQtjm3D54C_RB7invTNBmAhtc10c8njz_LgoKyshSg4",
        "expire_date": "2024-11-14T19:23:38.847Z"
    }
},
{
    "model": "sessions.session",
    "pk": "b7v922u5mmpvzex7ix1qg31dxfbjovxi",
    "fields": {
        "session_data": "eyJfc2Vzc2lvbl9leHBpcnkiOjB9:1t0k2T:yxnged8Vkw5ljed1DAyiE75-kIWiL9X8uU1b2c1NQSg",
        "expire_date": "2024-11-14T16:04:49.747Z"
    }
},
{
    "model": "sessions.session",
    "pk": "c09i75tboylfslnuqd9tu9qiynoutjfh",
    "fields": {
        "session_data": "eyJ0d2l0Y2hfc3RhdGUiOiJDRkYzZFRmZTRyRW52Vk1tUDhvMWp5MG05U3QxdWgwVCJ9:1t0mfB:0WhrzLODH3yxSvCmY5GikSMZaYxDyLsud6bINyNoq6M",
        "expire_date": "2024-11-14T18:52:57.784Z"
    }
},
{
    "model": "sessions.session",
    "pk": "ce3y23n4x7fn3icb46yf9x88vikoqsb0",
    "fields": {
        "session_data": "e30:1t0HDI:oqGmgfsUUBY3Uy0Cz_4BMp3CuDPj_YK0IF2H6sVExD8",
        "expire_date": "2024-11-13T09:18:04.853Z"
    }
},
{
    "model": "sessions.session",
    "pk": "f6cgecivyzs6pmgqa76id8klowvjqf1d",
    "fields": {
        "session_data": ".eJxVjEEOwiAQRe_C2pCOlAJduvcMhOkMFjXQlDbRGO-uTbrp9r_3_kf4yrWmkj2_pjS_Rd-chA_rMvq18uwTiV6AOGwYhgfnDdA95FuRQ8nLnFBuitxplddC_Lzs7uFgDHX8110AR8bqaM-uZWtbhEgKwAK1RitlmLsYtDMBoTOMrnEaOVpwygAhie8P9QM-1A:1t1lWO:Cmvt8d86U7TWE-jsbACeLf6oI48LDrVZZD74WGfjMRI",
        "expire_date": "2024-11-17T11:51:56.364Z"
    }
},
{
    "model": "sessions.session",
    "pk": "fnoovsbj6eua0sltg81mths0pify6czk",
    "fields": {
        "session_data": ".eJxVjDsOwjAQBe_iGlks_lPSc4ZoN7vGAWRLcVIh7g6RUkD7Zua91IDrUoa1yzxMrM4K1OF3IxwfUjfAd6y3psdWl3kivSl6p11fG8vzsrt_BwV7-dYeIXGILsdTshKjJchsACKwDc6YIOIzuhSQwAehdEyOJEdIJgATq_cHzCc3lw:1t3Bmf:WZQTE3OF6j405TBxLV33-WXXTVV10CYMuZOz-NHnQcA",
        "expire_date": "2024-11-21T10:06:37.583Z"
    }
},
{
    "model": "sessions.session",
    "pk": "fvnoh7j13tgu2z51vd5f2at4nwr621kv",
    "fields": {
        "session_data": ".eJxVjDsOwjAQBe_iGlks_lPSc4ZoN7vGAWRLcVIh7g6RUkD7Zua91IDrUoa1yzxMrM4K1OF3IxwfUjfAd6y3psdWl3kivSl6p11fG8vzsrt_BwV7-dYeIXGILsdTshKjJchsACKwDc6YIOIzuhSQwAehdEyOJEdIJgATq_cHzCc3lw:1t0lO6:fZEyJaLOIOtQehQ5Cu8bEWgpxRl4ixViyTDpvFgdVFU",
        "expire_date": "2024-11-14T17:31:14.130Z"
    }
},
{
    "model": "sessions.session",
    "pk": "goiwm4vv1alfrj4ayws6csqjiwpfng5o",
    "fields": {
        "session_data": ".eJxVjMsKgzAURP_lrkvIw7xcdt9vCHlca9qSiFFoKf33KrhxN8w5M19wDVvLtTh8T3n-QE8v4Py6jG5tOLucoAcGpy74-MSyg_Tw5V5JrGWZcyC7Qg7ayK0mfF0P93Qw-jZua9UNRqFlFJlXVBhkyLU0gVuNQspBqBht8rxDGqW20TAlUmBbVoGj0PD7A_MkPpA:1t0KCm:Hqa6qDUhRQSvJ6YDUqVJ9hvisixtubf21A809HlBklg",
        "expire_date": "2024-11-13T12:29:44.218Z"
    }
},
{
    "model": "sessions.session",
    "pk": "gzjfzu143w8oh69zwa2yuadloqecra52",
    "fields": {
        "session_data": "e30:1t0K2f:PtCA4OOsdKsiX3QlqLsjnbpngrPsw39AZq1pNOOufF0",
        "expire_date": "2024-11-13T12:19:17.459Z"
    }
},
{
    "model": "sessions.session",
    "pk": "hl831drnp4vbop9gjgwe5j80kukxhr1v",
    "fields": {
        "session_data": ".eJxVjEEOwiAQRe_C2pCOlAJduvcMhOkMFjXQlDbRGO-uTbrp9r_3_kf4yrWmkj2_pjS_Rd-chA_rMvq18uwTiV6AOGwYhgfnDdA95FuRQ8nLnFBuitxplddC_Lzs7uFgDHX8110AR8bqaM-uZWtbhEgKwAK1RitlmLsYtDMBoTOMrnEaOVpwygAhie8P9QM-1A:1t3Zcr:SWnrRX69ZI3T-OHFayMZpb0ehQjTP9diJjtYrdge5y4",
        "expire_date": "2024-11-22T11:34:05.620Z"
    }
},
{
    "model": "sessions.session",
    "pk": "idukx6glvx24ancu7rv3ebx25m9sgzvv",
    "fields": {
        "session_data": "e30:1sySRu:OkLu4L9AflNh1-JhYKP9D7LMHPKVYG6YKzmU_XbPZzk",
        "expire_date": "2024-10-23T08:53:38.124Z"
    }
},
{
    "model": "sessions.session",
    "pk": "m1ibc08qmdekow0qqqaxjme6g4doomof",
    "fields": {
        "session_data": ".eJxVjEEOwiAQRe_C2pCOlAJduvcMhOkMFjXQlDbRGO-uTbrp9r_3_kf4yrWmkj2_pjS_Rd-chA_rMvq18uwTiV6AOGwYhgfnDdA95FuRQ8nLnFBuitxplddC_Lzs7uFgDHX8110AR8bqaM-uZWtbhEgKwAK1RitlmLsYtDMBoTOMrnEaOVpwygAhie8P9QM-1A:1t2r7C:wuW_cCLN6SmN2MOdGZLmZ4g6kKG0fy6JWlMyLaG2UfE",
        "expire_date": "2024-11-20T12:02:26.775Z"
    }
},
{
    "model": "sessions.session",
    "pk": "nydbi8rnpyfykfbmt9t38txbe4st36p6",
    "fields": {
        "session_data": ".eJxVjDsOwjAQBe_iGlks_lPSc4ZoN7vGAWRLcVIh7g6RUkD7Zua91IDrUoa1yzxMrM4K1OF3IxwfUjfAd6y3psdWl3kivSl6p11fG8vzsrt_BwV7-dYeIXGILsdTshKjJchsACKwDc6YIOIzuhSQwAehdEyOJEdIJgATq_cHzCc3lw:1t3Z8m:I6MPKv-Pa2Ynzd89cHBGxWx_kWQXPYhO1bQp_2hKoQw",
        "expire_date": "2024-11-22T11:03:00.646Z"
    }
},
{
    "model": "sessions.session",
    "pk": "ob2fjlv6m4fb1456gou3qekqegaxyo2w",
    "fields": {
        "session_data": ".eJxVjDEOwjAMAP-SGUUhiRuHkZ03VK7tkgJKpaadEH9HlTrAene6t-lpW0u_NV36SczFBHP6ZQPxU-su5EH1Plue67pMg90Te9hmb7Po63q0f4NCrexbHyRBJJ8EgKIb0AFgdgpjDiOhQ5YoqUOQjpSZvZ4zcoiEiRyz-XwBzA433A:1syqgi:tTpstJ4EPbW_LjkgC-ryoGXC_gi8FAwAjApyfV46yV4",
        "expire_date": "2024-10-24T10:46:32.158Z"
    }
},
{
    "model": "sessions.session",
    "pk": "oc6hemf7c8lx4x0mdz4jmnv23753b83d",
    "fields": {
        "session_data": "eyJfc2Vzc2lvbl9leHBpcnkiOjB9:1t0k5b:Dbqm0DpdE3xUlY5HTA6h26HF3F4teuxhA6esA5Vt72Y",
        "expire_date": "2024-11-14T16:08:03.234Z"
    }
},
{
    "model": "sessions.session",
    "pk": "pddooqppyoipawfame315wgeb1n9khr5",
    "fields": {
        "session_data": ".eJxVjEEOwiAQRe_C2pCOlAJduvcMhOkMFjXQlDbRGO-uTbrp9r_3_kf4yrWmkj2_pjS_Rd-chA_rMvq18uwTiV6AOGwYhgfnDdA95FuRQ8nLnFBuitxplddC_Lzs7uFgDHX8110AR8bqaM-uZWtbhEgKwAK1RitlmLsYtDMBoTOMrnEaOVpwygAhie8P9QM-1A:1t6men:3UViQEJKfTGFTIcqDcdfsqKu7ktF6vXzg2VOBpjPLu8",
        "expire_date": "2024-12-01T08:05:21.077Z"
    }
},
{
    "model": "sessions.session",
    "pk": "qzv900c0lyom4d1t19smvp58e9rjz5pw",
    "fields": {
        "session_data": ".eJxVjMsOwiAQRf-FtSFQhkdcuvcbyAwDUjWQlHZl_Hdt0oVu7znnvkTEba1xG3mJM4uzmMTpdyNMj9x2wHdsty5Tb-syk9wVedAhr53z83K4fwcVR_3WlJz2nLRz2ZKFhGjRgVFF6wDGMZRgVEBXoPhUGNhYRSFM5InJZy3eH-l7OC0:1syFSk:HFdkiWd5lS7TCz2U4tBYBenxHBvztU5HdsONUSM6ZRY",
        "expire_date": "2024-10-22T19:01:38.189Z"
    }
},
{
    "model": "sessions.session",
    "pk": "rwkstd8uq97sv8v0r01wbsjfh9hcnt5a",
    "fields": {
        "session_data": ".eJxVjDsOwjAQBe_iGlks_lPSc4ZoN7vGAWRLcVIh7g6RUkD7Zua91IDrUoa1yzxMrM4K1OF3IxwfUjfAd6y3psdWl3kivSl6p11fG8vzsrt_BwV7-dYeIXGILsdTshKjJchsACKwDc6YIOIzuhSQwAehdEyOJEdIJgATq_cHzCc3lw:1t8Mat:BqJQpRDAXatFoeENeSj3b9WlRD-kJcW4WgRLE0wcFMk",
        "expire_date": "2024-12-05T16:39:51.592Z"
    }
},
{
    "model": "sessions.session",
    "pk": "u5o61npss9fr4sot7mczegfrbfz7phf7",
    "fields": {
        "session_data": "e30:1sySSp:iDs31ExmbzyOkY1-c83ZMqdu31Yv2t9VtROszd9V4CY",
        "expire_date": "2024-10-23T08:54:35.259Z"
    }
},
{
    "model": "sessions.session",
    "pk": "v7q3ni3jc2iuoy24f5ciyfolx0raxk72",
    "fields": {
        "session_data": "eyJfc2Vzc2lvbl9leHBpcnkiOjB9:1t0KB7:ZGu0Uo0GXqZwk1E5v6ulOVZVRHj0rmnqDIH_QTRkm2U",
        "expire_date": "2024-11-13T12:28:01.494Z"
    }
},
{
    "model": "sessions.session",
    "pk": "wewvu5mf9v8f4csf7324tds44jm8xwtx",
    "fields": {
        "session_data": "eyJfc2Vzc2lvbl9leHBpcnkiOjB9:1t0kAI:7vJnapPnneh03jlh9Lf3fLCAJyX6wyYQ1yeO6C3FL1k",
        "expire_date": "2024-11-14T16:12:54.025Z"
    }
},
{
    "model": "sessions.session",
    "pk": "wo2wtgbeljfzjdvdrh20tvwwr1ex0yo1",
    "fields": {
        "session_data": ".eJxVjEEOwiAQRe_C2pBOS4G6dO8ZyMAMFjVgSptojHc3JF3o9r_331s43NbZbZUXl0gchRKH381juHFugK6YL0WGktcledkUudMqz4X4ftrdv8CMdW5vpUj70FmDGkYbgOKE2piJ0YeR1GBwVLEfPOtge5og9GjJAnCMHmBo0cq1ppIdPx9peYlj9_kCqQg_pA:1t0HJr:t6bvuZICrdaHqIwNseSs3gbezPsqwnNk8FoQV_Vtp4M",
        "expire_date": "2024-11-13T09:24:51.562Z"
    }
},
{
    "model": "sessions.session",
    "pk": "xjf3l1ym8kfnecna4t7x8y1vj2208v1f",
    "fields": {
        "session_data": "e30:1sySNr:LTrB7cdP0vcwaiCQwBJ8ULLZxaD1j_JGJR0nfmIsVvc",
        "expire_date": "2024-10-23T08:49:27.735Z"
    }
},
{
    "model": "sessions.session",
    "pk": "ytzxsqa112wevxatd4jojx73f3i69u5n",
    "fields": {
        "session_data": "eyJfc2Vzc2lvbl9leHBpcnkiOjB9:1t0kXP:NGjd0CL1pxOptiI2t9hJ1lIhDSSGW8qsHvsGqIM1P3I",
        "expire_date": "2024-11-14T16:36:47.110Z"
    }
},
{
    "model": "sessions.session",
    "pk": "z2r1ntcakxpfumb892bfw76cfynxzfb2",
    "fields": {
        "session_data": "eyJfc2Vzc2lvbl9leHBpcnkiOjB9:1t0kWt:NZNzNcUYVzXXJPniFrN8RuBkQcby4rlwpPidF_ea0hU",
        "expire_date": "2024-11-14T16:36:15.755Z"
    }
},
{
    "model": "pro_players.team",
    "pk": "Apeks",
    "fields": {
        "region": "EMEA",
        "slug": "apeks"
    }
},
{
    "model": "pro_players.team",
    "pk": "BBL",
    "fields": {
        "region": "EMEA",
        "slug": "bbl"
    }
},
{
    "model": "pro_players.team",
    "pk": "FUT Esports",
    "fields": {
        "region": "EMEA",
        "slug": "fut-esports"
    }
},
{
    "model": "pro_players.team",
    "pk": "Fnatic",
    "fields": {
        "region": "EMEA",
        "slug": "fnatic"
    }
},
{
    "model": "pro_players.team",
    "pk": "GIANTX",
    "fields": {
        "region": "EMEA",
        "slug": "giantx"
    }
},
{
    "model": "pro_players.team",
    "pk": "Gentle Mates",
    "fields": {
        "region": "EMEA",
        "slug": "gentle-mates"
    }
},
{
    "model": "pro_players.team",
    "pk": "KOI",
    "fields": {
        "region": "EMEA",
        "slug": "koi"
    }
},
{
    "model": "pro_players.team",
    "pk": "Karmine Corp",
    "fields": {
        "region": "EMEA",
        "slug": "karmine-corp"
    }
},
{
    "model": "pro_players.team",
    "pk": "Liquid",
    "fields": {
        "region": "EMEA",
        "slug": "liquid"
    }
},
{
    "model": "pro_players.team",
    "pk": "Natus Vincere",
    "fields": {
        "region": "EMEA",
        "slug": "natus-vincere"
    }
},
{
    "model": "pro_players.team",
    "pk": "Team Heretics",
    "fields": {
        "region": "EMEA",
        "slug": "team-heretics"
    }
},
{
    "model": "pro_players.team",
    "pk": "Team Vitality",
    "fields": {
        "region": "EMEA",
        "slug": "team-vitality"
    }
},
{
    "model": "pro_players.player",
    "pk": 1,
    "fields": {
        "full_name": "Ayaz Akhmetshin",
        "in_game_name": "nAts",
        "in_game_role": "Sentinel",
        "team": "Liquid",
        "twitter_link": "https://x.com/nAts__ss",
        "twitch_link": "https://www.twitch.tv/nats",
        "slug": "nats"
    }
},
{
    "model": "pro_players.player",
    "pk": 2,
    "fields": {
        "full_name": "Elias Olkkonen",
        "in_game_name": "Jamppi",
        "in_game_role": "Flex",
        "team": "Liquid",
        "twitter_link": "https://twitter.com/Jamppi_",
        "twitch_link": "https://www.twitch.tv/superjamppi",
        "slug": "jamppi"
    }
},
{
    "model": "pro_players.player",
    "pk": 4,
    "fields": {
        "full_name": "Georgio Sanassy",
        "in_game_name": "Keiko",
        "in_game_role": "Duelist",
        "team": "Liquid",
        "twitter_link": "https://twitter.com/keikofps",
        "twitch_link": "https://www.twitch.tv/keikoval",
        "slug": "keiko"
    }
},
{
    "model": "pro_players.player",
    "pk": 5,
    "fields": {
        "full_name": "James Orfila",
        "in_game_name": "Mistic",
        "in_game_role": "Smoker",
        "team": null,
        "twitter_link": "https://twitter.com/MisticJK",
        "twitch_link": "https://www.twitch.tv/mistic",
        "slug": "mistic"
    }
},
{
    "model": "pro_players.player",
    "pk": 6,
    "fields": {
        "full_name": "Doğukan Dural",
        "in_game_name": "QutionerX",
        "in_game_role": "Duelist",
        "team": "BBL",
        "twitter_link": "https://twitter.com/QutionerX",
        "twitch_link": "https://www.twitch.tv/qutionerx",
        "slug": "qutionerx"
    }
},
{
    "model": "pro_players.player",
    "pk": 7,
    "fields": {
        "full_name": "Eren Kasırga",
        "in_game_name": "Brave",
        "in_game_role": "Smoker",
        "team": null,
        "twitter_link": "https://twitter.com/erenbrave",
        "twitch_link": "https://www.twitch.tv/bravevl",
        "slug": "brave"
    }
},
{
    "model": "pro_players.player",
    "pk": 8,
    "fields": {
        "full_name": "Efe Teber",
        "in_game_name": "Elite",
        "in_game_role": "Sentinel",
        "team": "BBL",
        "twitter_link": "https://twitter.com/elitevll",
        "twitch_link": "https://www.twitch.tv/elitedak1ng",
        "slug": "elite"
    }
},
{
    "model": "pro_players.player",
    "pk": 9,
    "fields": {
        "full_name": "Melih Karaduran",
        "in_game_name": "pAura",
        "in_game_role": "Initiator",
        "team": "BBL",
        "twitter_link": "https://twitter.com/pAuraVL",
        "twitch_link": "https://www.twitch.tv/pauraVL",
        "slug": "paura"
    }
},
{
    "model": "pro_players.player",
    "pk": 10,
    "fields": {
        "full_name": "Kaan Ürpek",
        "in_game_name": "reazy",
        "in_game_role": "Flex",
        "team": "BBL",
        "twitter_link": "https://twitter.com/reazyVL",
        "twitch_link": "https://www.twitch.tv/reazyvl",
        "slug": "reazy"
    }
},
{
    "model": "pro_players.player",
    "pk": 11,
    "fields": {
        "full_name": "Jake Howlett",
        "in_game_name": "Boaster",
        "in_game_role": "IGL",
        "team": "Fnatic",
        "twitter_link": "https://twitter.com/OfficialBoaster",
        "twitch_link": "https://www.twitch.tv/OfficialBoaster",
        "slug": "boaster"
    }
},
{
    "model": "pro_players.player",
    "pk": 12,
    "fields": {
        "full_name": "Nikita Sirmitev",
        "in_game_name": "Derke",
        "in_game_role": "Duelist",
        "team": "Fnatic",
        "twitter_link": "https://twitter.com/Derke",
        "twitch_link": "https://www.twitch.tv/derke",
        "slug": "derke"
    }
},
{
    "model": "pro_players.player",
    "pk": 13,
    "fields": {
        "full_name": "Emir Ali Beder",
        "in_game_name": "Alfajer",
        "in_game_role": "Sentinel",
        "team": "Fnatic",
        "twitter_link": "https://twitter.com/Alfajervl",
        "twitch_link": "https://www.twitch.tv/Alfajer",
        "slug": "alfajer"
    }
},
{
    "model": "pro_players.player",
    "pk": 14,
    "fields": {
        "full_name": "Timofey Khromov",
        "in_game_name": "Chronicle",
        "in_game_role": "Flex",
        "team": "Fnatic",
        "twitter_link": "https://twitter.com/chronicleEZ",
        "twitch_link": "https://www.twitch.tv/chronicle",
        "slug": "chronicle"
    }
},
{
    "model": "pro_players.player",
    "pk": 15,
    "fields": {
        "full_name": "Emirhan Kat",
        "in_game_name": "hiro",
        "in_game_role": "Flex",
        "team": "Fnatic",
        "twitter_link": "https://twitter.com/hiroaims",
        "twitch_link": "https://www.twitch.tv/hiroaim",
        "slug": "hiro"
    }
},
{
    "model": "pro_players.player",
    "pk": 16,
    "fields": {
        "full_name": "Ričardas Lukaševičius",
        "in_game_name": "Boo",
        "in_game_role": "IGL",
        "team": "Team Heretics",
        "twitter_link": "https://twitter.com/BooVAL1",
        "twitch_link": "https://www.twitch.tv/booval",
        "slug": "boo"
    }
},
{
    "model": "pro_players.player",
    "pk": 17,
    "fields": {
        "full_name": "Benjy David Fish",
        "in_game_name": "benjyfishy",
        "in_game_role": "Sentinel",
        "team": "Team Heretics",
        "twitter_link": "https://twitter.com/benjyfishy",
        "twitch_link": "https://www.twitch.tv/benjyfishy",
        "slug": "benjyfishy"
    }
},
{
    "model": "pro_players.player",
    "pk": 18,
    "fields": {
        "full_name": "Dominykas Lukaševičius",
        "in_game_name": "MiniBoo",
        "in_game_role": "Duelist",
        "team": "Team Heretics",
        "twitter_link": "https://twitter.com/M1niBoo",
        "twitch_link": "https://www.twitch.tv/minibo0",
        "slug": "miniboo"
    }
},
{
    "model": "pro_players.player",
    "pk": 19,
    "fields": {
        "full_name": "Enes Ecirli",
        "in_game_name": "RieNs",
        "in_game_role": "Flex",
        "team": "Team Heretics",
        "twitter_link": "https://twitter.com/RieNsfps",
        "twitch_link": "https://www.twitch.tv/riensfps",
        "slug": "riens"
    }
},
{
    "model": "pro_players.player",
    "pk": 20,
    "fields": {
        "full_name": "Mert Alkan",
        "in_game_name": "Wo0t",
        "in_game_role": "Flex",
        "team": "Team Heretics",
        "twitter_link": "https://twitter.com/WootVL",
        "twitch_link": "https://www.twitch.tv/wootvl",
        "slug": "wo0t"
    }
},
{
    "model": "pro_players.player",
    "pk": 21,
    "fields": {
        "full_name": "Furkan Yeğen",
        "in_game_name": "MrFaliN",
        "in_game_role": "Flex",
        "team": "FUT Esports",
        "twitter_link": "https://twitter.com/MrFaliN",
        "twitch_link": "https://www.twitch.tv/mrfalin",
        "slug": "mrfalin"
    }
},
{
    "model": "pro_players.player",
    "pk": 22,
    "fields": {
        "full_name": "Doğukan Balaban",
        "in_game_name": "qRaxs",
        "in_game_role": "Initiator",
        "team": "FUT Esports",
        "twitter_link": "https://twitter.com/qRaxs_",
        "twitch_link": "https://www.twitch.tv/qraxs",
        "slug": "qraxs"
    }
},
{
    "model": "pro_players.player",
    "pk": 23,
    "fields": {
        "full_name": "Ata Tan",
        "in_game_name": "ATA KAPTAN",
        "in_game_role": "Smoker",
        "team": "FUT Esports",
        "twitter_link": "https://twitter.com/AtaKaptanVL",
        "twitch_link": "https://www.twitch.tv/atakaptanvl",
        "slug": "ata-kaptan"
    }
},
{
    "model": "pro_players.player",
    "pk": 25,
    "fields": {
        "full_name": "Eray Budak",
        "in_game_name": "yetujey",
        "in_game_role": "Sentinel",
        "team": "FUT Esports",
        "twitter_link": "https://twitter.com/yetujey",
        "twitch_link": null,
        "slug": "yetujey"
    }
},
{
    "model": "pro_players.player",
    "pk": 26,
    "fields": {
        "full_name": "Mehmet Yağız İpek",
        "in_game_name": "cNed",
        "in_game_role": "Duelist",
        "team": "FUT Esports",
        "twitter_link": "https://twitter.com/cNedf0r",
        "twitch_link": "https://www.twitch.tv/cNed",
        "slug": "cned"
    }
},
{
    "model": "pro_players.player",
    "pk": 27,
    "fields": {
        "full_name": "Ryad Ensaad",
        "in_game_name": "Shin",
        "in_game_role": "Smoker",
        "team": "Karmine Corp",
        "twitter_link": "https://twitter.com/shinVALORANT",
        "twitch_link": null,
        "slug": "shin"
    }
},
{
    "model": "pro_players.player",
    "pk": 28,
    "fields": {
        "full_name": "Martin Peňkov",
        "in_game_name": "Magnum",
        "in_game_role": "IGL",
        "team": "Karmine Corp",
        "twitter_link": "https://twitter.com/just_magnum",
        "twitch_link": "https://www.twitch.tv/justmagnum_",
        "slug": "magnum"
    }
},
{
    "model": "pro_players.player",
    "pk": 29,
    "fields": {
        "full_name": "Martin Pátek",
        "in_game_name": "marteen",
        "in_game_role": "Duelist",
        "team": "Karmine Corp",
        "twitter_link": "https://twitter.com/imthemarteen",
        "twitch_link": "https://www.twitch.tv/imthemarteen",
        "slug": "marteen"
    }
},
{
    "model": "pro_players.player",
    "pk": 30,
    "fields": {
        "full_name": "Marshall Massey",
        "in_game_name": "N4RRATE",
        "in_game_role": "Flex",
        "team": "Karmine Corp",
        "twitter_link": "https://twitter.com/N4RRATE",
        "twitch_link": "https://www.twitch.tv/N4RRATE",
        "slug": "n4rrate"
    }
},
{
    "model": "pro_players.player",
    "pk": 31,
    "fields": {
        "full_name": "Tomás Machado",
        "in_game_name": "tomaszy",
        "in_game_role": "Sentinel",
        "team": "Karmine Corp",
        "twitter_link": "https://twitter.com/tomaszy_",
        "twitch_link": "https://www.twitch.tv/tomaszy_",
        "slug": "tomaszy"
    }
},
{
    "model": "pro_players.player",
    "pk": 32,
    "fields": {
        "full_name": "Kyrylo Karasov",
        "in_game_name": "ANGE1",
        "in_game_role": "IGL",
        "team": "Natus Vincere",
        "twitter_link": "https://twitter.com/OfficialANGE1",
        "twitch_link": "https://www.twitch.tv/ange1",
        "slug": "ange1"
    }
},
{
    "model": "pro_players.player",
    "pk": 33,
    "fields": {
        "full_name": "Dmitrii Iliushin",
        "in_game_name": "SUYGETSU",
        "in_game_role": "Sentinel",
        "team": "Natus Vincere",
        "twitter_link": "https://twitter.com/suygetsu",
        "twitch_link": "https://www.twitch.tv/suygetsu",
        "slug": "suygetsu"
    }
},
{
    "model": "pro_players.player",
    "pk": 34,
    "fields": {
        "full_name": "Andrei Kiprskii",
        "in_game_name": "Shao",
        "in_game_role": "Flex",
        "team": "Natus Vincere",
        "twitter_link": "https://twitter.com/Shaolele",
        "twitch_link": "https://www.twitch.tv/shaolele1",
        "slug": "shao"
    }
},
{
    "model": "pro_players.player",
    "pk": 35,
    "fields": {
        "full_name": "Pontus Eek",
        "in_game_name": "Zyppan",
        "in_game_role": "Flex",
        "team": "Natus Vincere",
        "twitter_link": "https://twitter.com/Zyppaan",
        "twitch_link": "https://www.twitch.tv/zyppaan",
        "slug": "zyppan"
    }
},
{
    "model": "pro_players.player",
    "pk": 36,
    "fields": {
        "full_name": "Ardis Svarenieks",
        "in_game_name": "ardiis",
        "in_game_role": "Duelist",
        "team": "Natus Vincere",
        "twitter_link": "https://twitter.com/ardiis",
        "twitch_link": "https://www.twitch.tv/ardiis",
        "slug": "ardiis"
    }
},
{
    "model": "pro_players.player",
    "pk": 37,
    "fields": {
        "full_name": "Beyazıt Körpe",
        "in_game_name": "beyAz",
        "in_game_role": "IGL",
        "team": "Gentle Mates",
        "twitter_link": "https://twitter.com/beyAzBEAST",
        "twitch_link": "https://www.twitch.tv/beyAz",
        "slug": "beyaz"
    }
},
{
    "model": "pro_players.player",
    "pk": 38,
    "fields": {
        "full_name": "Nathan Bocqueho",
        "in_game_name": "nataNk",
        "in_game_role": "Flex",
        "team": "Gentle Mates",
        "twitter_link": "https://twitter.com/nataNk1wnl",
        "twitch_link": "https://www.twitch.tv/natank1wnl",
        "slug": "natank"
    }
},
{
    "model": "pro_players.player",
    "pk": 39,
    "fields": {
        "full_name": "Jonathan Paupard",
        "in_game_name": "TakaS",
        "in_game_role": "Duelist",
        "team": "Gentle Mates",
        "twitter_link": "https://twitter.com/TakaS_Jr",
        "twitch_link": "https://www.twitch.tv/takas_Jr",
        "slug": "takas"
    }
},
{
    "model": "pro_players.player",
    "pk": 40,
    "fields": {
        "full_name": "Wailers Locart",
        "in_game_name": "Wailers",
        "in_game_role": "Sentinel",
        "team": "Gentle Mates",
        "twitter_link": "https://twitter.com/Wailers_WL",
        "twitch_link": "https://www.twitch.tv/wailerswl",
        "slug": "wailers"
    }
},
{
    "model": "pro_players.player",
    "pk": 41,
    "fields": {
        "full_name": "Thomas Johner",
        "in_game_name": "kAdavra",
        "in_game_role": "Smoker",
        "team": "Gentle Mates",
        "twitter_link": "https://twitter.com/13kAdavra",
        "twitch_link": "https://www.twitch.tv/kadavra_val",
        "slug": "kadavra"
    }
},
{
    "model": "pro_players.player",
    "pk": 42,
    "fields": {
        "full_name": "Jokūbas Labutis",
        "in_game_name": "ceNder",
        "in_game_role": "IGL",
        "team": "Team Vitality",
        "twitter_link": "https://twitter.com/ceNder1337",
        "twitch_link": "https://www.twitch.tv/cender1337",
        "slug": "cender"
    }
},
{
    "model": "pro_players.player",
    "pk": 43,
    "fields": {
        "full_name": "Emil Trajkovski",
        "in_game_name": "runneR",
        "in_game_role": "Sentinel",
        "team": "Team Vitality",
        "twitter_link": "https://twitter.com/runneR_vlr",
        "twitch_link": "https://www.twitch.tv/runner_val",
        "slug": "runner"
    }
},
{
    "model": "pro_players.player",
    "pk": 44,
    "fields": {
        "full_name": "Kimmie Laasner",
        "in_game_name": "Kicks",
        "in_game_role": "Initiator",
        "team": "Team Vitality",
        "twitter_link": "https://twitter.com/KicksVAL",
        "twitch_link": "https://www.twitch.tv/kicksval",
        "slug": "kicks"
    }
},
{
    "model": "pro_players.player",
    "pk": 45,
    "fields": {
        "full_name": "Saif Jibraeel",
        "in_game_name": "Sayf",
        "in_game_role": "Duelist",
        "team": "Team Vitality",
        "twitter_link": "https://twitter.com/DSajoof",
        "twitch_link": "https://www.twitch.tv/sayfdj",
        "slug": "sayf"
    }
},
{
    "model": "pro_players.player",
    "pk": 46,
    "fields": {
        "full_name": "Nikita Cherednichenko",
        "in_game_name": "trexx",
        "in_game_role": "Initiator",
        "team": "Team Vitality",
        "twitter_link": "https://twitter.com/trexxfps",
        "twitch_link": "https://www.twitch.tv/trexxfpss",
        "slug": "trexx"
    }
},
{
    "model": "pro_players.player",
    "pk": 47,
    "fields": {
        "full_name": "Kirill Nekhozhin",
        "in_game_name": "Cloud",
        "in_game_role": "Initiator",
        "team": "GIANTX",
        "twitter_link": "https://twitter.com/cloudezeee",
        "twitch_link": "https://www.twitch.tv/cloudvlr",
        "slug": "cloud"
    }
},
{
    "model": "pro_players.player",
    "pk": 48,
    "fields": {
        "full_name": "Aaro Peltokangas",
        "in_game_name": "hoody",
        "in_game_role": "Flex",
        "team": "GIANTX",
        "twitter_link": "https://twitter.com/hoodyVAL",
        "twitch_link": "https://www.twitch.tv/hoody",
        "slug": "hoody"
    }
},
{
    "model": "pro_players.player",
    "pk": 49,
    "fields": {
        "full_name": "Adolfo Gallego",
        "in_game_name": "Fit1nho",
        "in_game_role": "Sentinel",
        "team": "GIANTX",
        "twitter_link": "https://twitter.com/fit1nho",
        "twitch_link": "https://www.twitch.tv/fit1nho",
        "slug": "fit1nho"
    }
},
{
    "model": "pro_players.player",
    "pk": 50,
    "fields": {
        "full_name": "Semyon Borchev",
        "in_game_name": "purp0",
        "in_game_role": "Duelist",
        "team": "GIANTX",
        "twitter_link": "https://twitter.com/purp03",
        "twitch_link": "https://www.twitch.tv/purp0",
        "slug": "purp0"
    }
},
{
    "model": "pro_players.player",
    "pk": 51,
    "fields": {
        "full_name": "Erasmus Koivukangas",
        "in_game_name": "Famsii",
        "in_game_role": "Flex",
        "team": "GIANTX",
        "twitter_link": "https://twitter.com/Famsii1",
        "twitch_link": null,
        "slug": "famsii"
    }
},
{
    "model": "pro_players.player",
    "pk": 52,
    "fields": {
        "full_name": "Bogdan Naumov",
        "in_game_name": "Sheydos",
        "in_game_role": "Sentinel",
        "team": "KOI",
        "twitter_link": "https://twitter.com/Sheydosk1ng",
        "twitch_link": "https://www.twitch.tv/sheydosvl",
        "slug": "sheydos"
    }
},
{
    "model": "pro_players.player",
    "pk": 53,
    "fields": {
        "full_name": "Patryk Kopczyński",
        "in_game_name": "starxo",
        "in_game_role": "Initiator",
        "team": "KOI",
        "twitter_link": "https://twitter.com/starxo5",
        "twitch_link": "https://www.twitch.tv/starxo_",
        "slug": "starxo"
    }
},
{
    "model": "pro_players.player",
    "pk": 54,
    "fields": {
        "full_name": "Grzegorz Ryczko",
        "in_game_name": "GRUBINHO",
        "in_game_role": "Smoker",
        "team": "KOI",
        "twitter_link": "https://twitter.com/grubinhogaucho1",
        "twitch_link": "https://www.twitch.tv/grubinhogaucho",
        "slug": "grubinho"
    }
},
{
    "model": "pro_players.player",
    "pk": 55,
    "fields": {
        "full_name": "Kamil Frąckowiak",
        "in_game_name": "kamo",
        "in_game_role": "Duelist",
        "team": "KOI",
        "twitter_link": "https://twitter.com/kamoyeess",
        "twitch_link": null,
        "slug": "kamo"
    }
},
{
    "model": "pro_players.player",
    "pk": 56,
    "fields": {
        "full_name": "Tobias Flodström",
        "in_game_name": "ShadoW",
        "in_game_role": "IGL",
        "team": "KOI",
        "twitter_link": "https://twitter.com/Shadowlolz",
        "twitch_link": "https://www.twitch.tv/shadowlolz",
        "slug": "shadow"
    }
},
{
    "model": "pro_players.player",
    "pk": 61,
    "fields": {
        "full_name": "Kajetan Haremski",
        "in_game_name": "kaajak",
        "in_game_role": "Duelist",
        "team": "Apeks",
        "twitter_link": "https://twitter.com/kaajakval",
        "twitch_link": "https://www.twitch.tv/kaajak1",
        "slug": "kaajak"
    }
},
{
    "model": "pro_players.player",
    "pk": 62,
    "fields": {
        "full_name": "Auni Chahade",
        "in_game_name": "AvovA",
        "in_game_role": "Duelist",
        "team": "Apeks",
        "twitter_link": "https://twitter.com/AvovAFPS",
        "twitch_link": "https://www.twitch.tv/AvovAgg",
        "slug": "avova"
    }
},
{
    "model": "pro_players.player",
    "pk": 63,
    "fields": {
        "full_name": "Tautvydas Paldavicius",
        "in_game_name": "hype",
        "in_game_role": "Duelist",
        "team": "Apeks",
        "twitter_link": "https://twitter.com/hypeVLR",
        "twitch_link": "https://www.twitch.tv/hype_val",
        "slug": "hype"
    }
},
{
    "model": "pro_players.player",
    "pk": 64,
    "fields": {
        "full_name": "Michał Łącki",
        "in_game_name": "MOLSI",
        "in_game_role": "Duelist",
        "team": "Apeks",
        "twitter_link": "https://twitter.com/molsiVAL",
        "twitch_link": "https://www.twitch.tv/molsi",
        "slug": "molsi"
    }
},
{
    "model": "pro_players.player",
    "pk": 66,
    "fields": {
        "full_name": "Dom Sulcas",
        "in_game_name": "soulcas",
        "in_game_role": "Flex",
        "team": "Apeks",
        "twitter_link": "https://twitter.com/soulcas_",
        "twitch_link": "https://www.twitch.tv/soulcas",
        "slug": "soulcas"
    }
},
{
    "model": "pro_players.player",
    "pk": 68,
    "fields": {
        "full_name": "Max Mazanov",
        "in_game_name": "Demon1",
        "in_game_role": "Duelist",
        "team": null,
        "twitter_link": null,
        "twitch_link": null,
        "slug": "demon1"
    }
},
{
    "model": "pro_players.player",
    "pk": 69,
    "fields": {
        "full_name": "Erick Santos",
        "in_game_name": "aspas",
        "in_game_role": "Duelist",
        "team": null,
        "twitter_link": null,
        "twitch_link": null,
        "slug": "aspas"
    }
},
{
    "model": "pro_players.player",
    "pk": 70,
    "fields": {
        "full_name": "Erick Bach",
        "in_game_name": "Xeppaa",
        "in_game_role": "Initiator",
        "team": null,
        "twitter_link": null,
        "twitch_link": null,
        "slug": "xeppaa"
    }
},
{
    "model": "pro_players.player",
    "pk": 71,
    "fields": {
        "full_name": "Francis Hoang",
        "in_game_name": "OXY",
        "in_game_role": "Duelist",
        "team": null,
        "twitter_link": "https://twitter.com/Lft_Oxy",
        "twitch_link": "https://www.twitch.tv/LFToxy_val",
        "slug": "oxy"
    }
},
{
    "model": "pro_players.comment",
    "pk": 1,
    "fields": {
        "team": "Liquid",
        "name": "Dilozy",
        "body": "Моя любимая команда!",
        "created": "2024-10-03T14:04:19.353Z",
        "updated": "2024-10-03T14:04:19.353Z",
        "active": true
    }
},
{
    "model": "pro_players.comment",
    "pk": 2,
    "fields": {
        "team": "Liquid",
        "name": "BibaBoba",
        "body": "Моя тоже!!",
        "created": "2024-10-03T14:05:01.538Z",
        "updated": "2024-10-03T14:05:01.538Z",
        "active": true
    }
},
{
    "model": "pro_players.comment",
    "pk": 3,
    "fields": {
        "team": "Liquid",
        "name": "fjjf",
        "body": "В прошлом сезоне сосали",
        "created": "2024-10-03T14:05:41.597Z",
        "updated": "2024-10-03T14:05:41.597Z",
        "active": true
    }
},
{
    "model": "pro_players.comment",
    "pk": 4,
    "fields": {
        "team": "Liquid",
        "name": "dilozy",
        "body": "rhghf",
        "created": "2024-11-01T12:06:52.708Z",
        "updated": "2024-11-01T12:06:52.711Z",
        "active": true
    }
},
{
    "model": "pro_players.comment",
    "pk": 5,
    "fields": {
        "team": "Liquid",
        "name": "dilozy",
        "body": "dfdfd",
        "created": "2024-11-01T12:08:08.941Z",
        "updated": "2024-11-01T12:08:08.944Z",
        "active": true
    }
},
{
    "model": "pro_players.highlight",
    "pk": 5,
    "fields": {
        "video_title": "Champions Grand Final Guardian 3k",
        "video_url": "RftQ12f7S_E",
        "player": 68
    }
},
{
    "model": "pro_players.highlight",
    "pk": 6,
    "fields": {
        "video_title": "Double kill against NRG",
        "video_url": "ExBFrOTlAn8",
        "player": 68
    }
},
{
    "model": "pro_players.highlight",
    "pk": 7,
    "fields": {
        "video_title": "Insane knives ACE against FURIA",
        "video_url": "PtUbQsHJzUE",
        "player": 68
    }
},
{
    "model": "pro_players.highlight",
    "pk": 8,
    "fields": {
        "video_title": "Ghost ACE against KC",
        "video_url": "X5B-0Q7iSpc",
        "player": 26
    }
},
{
    "model": "social_django.usersocialauth",
    "pk": 4,
    "fields": {
        "user": [
            "dilozy"
        ],
        "provider": "twitch",
        "uid": "109799274",
        "extra_data": {
            "auth_time": 1729020218,
            "access_token": "q5za5u1arvidms16djc8apvv9gb91i",
            "token_type": "bearer"
        },
        "created": "2024-10-15T19:22:56.201Z",
        "modified": "2024-10-15T19:23:38.832Z"
    }
},
{
    "model": "authtoken.token",
    "pk": "d5c788e4fb3fd05ea931a55ac4484e1efc8642f2",
    "fields": {
        "user": [
            "dilozy"
        ],
        "created": "2024-11-01T08:04:59.695Z"
    }
},
{
    "model": "admin.logentry",
    "pk": 1,
    "fields": {
        "action_time": "2024-09-25T11:16:15.814Z",
        "user": [
            "dilozy"
        ],
        "content_type": [
            "pro_players",
            "team"
        ],
        "object_id": "Liquid",
        "object_repr": "Liquid",
        "action_flag": 1,
        "change_message": "[{\"added\": {}}]"
    }
},
{
    "model": "admin.logentry",
    "pk": 2,
    "fields": {
        "action_time": "2024-09-25T11:21:47.777Z",
        "user": [
            "dilozy"
        ],
        "content_type": [
            "pro_players",
            "player"
        ],
        "object_id": "1",
        "object_repr": "nAts",
        "action_flag": 1,
        "change_message": "[{\"added\": {}}]"
    }
},
{
    "model": "admin.logentry",
    "pk": 3,
    "fields": {
        "action_time": "2024-09-25T11:22:37.620Z",
        "user": [
            "dilozy"
        ],
        "content_type": [
            "pro_players",
            "player"
        ],
        "object_id": "1",
        "object_repr": "nAts",
        "action_flag": 2,
        "change_message": "[]"
    }
},
{
    "model": "admin.logentry",
    "pk": 4,
    "fields": {
        "action_time": "2024-09-25T11:22:44.536Z",
        "user": [
            "dilozy"
        ],
        "content_type": [
            "pro_players",
            "team"
        ],
        "object_id": "Liquid",
        "object_repr": "Liquid",
        "action_flag": 2,
        "change_message": "[]"
    }
},
{
    "model": "admin.logentry",
    "pk": 5,
    "fields": {
        "action_time": "2024-09-25T11:27:48.406Z",
        "user": [
            "dilozy"
        ],
        "content_type": [
            "pro_players",
            "player"
        ],
        "object_id": "2",
        "object_repr": "Jamppi",
        "action_flag": 1,
        "change_message": "[{\"added\": {}}]"
    }
},
{
    "model": "admin.logentry",
    "pk": 6,
    "fields": {
        "action_time": "2024-09-25T11:28:36.896Z",
        "user": [
            "dilozy"
        ],
        "content_type": [
            "pro_players",
            "player"
        ],
        "object_id": "3",
        "object_repr": "Enzo",
        "action_flag": 1,
        "change_message": "[{\"added\": {}}]"
    }
},
{
    "model": "admin.logentry",
    "pk": 7,
    "fields": {
        "action_time": "2024-09-25T11:29:15.535Z",
        "user": [
            "dilozy"
        ],
        "content_type": [
            "pro_players",
            "player"
        ],
        "object_id": "4",
        "object_repr": "Keiko",
        "action_flag": 1,
        "change_message": "[{\"added\": {}}]"
    }
},
{
    "model": "admin.logentry",
    "pk": 8,
    "fields": {
        "action_time": "2024-09-25T11:29:48.469Z",
        "user": [
            "dilozy"
        ],
        "content_type": [
            "pro_players",
            "player"
        ],
        "object_id": "5",
        "object_repr": "Mistic",
        "action_flag": 1,
        "change_message": "[{\"added\": {}}]"
    }
},
{
    "model": "admin.logentry",
    "pk": 9,
    "fields": {
        "action_time": "2024-09-25T11:30:05.550Z",
        "user": [
            "dilozy"
        ],
        "content_type": [
            "pro_players",
            "team"
        ],
        "object_id": "BBL",
        "object_repr": "BBL",
        "action_flag": 1,
        "change_message": "[{\"added\": {}}]"
    }
},
{
    "model": "admin.logentry",
    "pk": 10,
    "fields": {
        "action_time": "2024-09-25T11:30:48.852Z",
        "user": [
            "dilozy"
        ],
        "content_type": [
            "pro_players",
            "player"
        ],
        "object_id": "6",
        "object_repr": "QutionerX",
        "action_flag": 1,
        "change_message": "[{\"added\": {}}]"
    }
},
{
    "model": "admin.logentry",
    "pk": 11,
    "fields": {
        "action_time": "2024-09-25T11:32:21.154Z",
        "user": [
            "dilozy"
        ],
        "content_type": [
            "pro_players",
            "player"
        ],
        "object_id": "7",
        "object_repr": "Brave",
        "action_flag": 1,
        "change_message": "[{\"added\": {}}]"
    }
},
{
    "model": "admin.logentry",
    "pk": 12,
    "fields": {
        "action_time": "2024-09-25T15:58:41.653Z",
        "user": [
            "dilozy"
        ],
        "content_type": [
            "pro_players",
            "player"
        ],
        "object_id": "8",
        "object_repr": "Elite",
        "action_flag": 1,
        "change_message": "[{\"added\": {}}]"
    }
},
{
    "model": "admin.logentry",
    "pk": 13,
    "fields": {
        "action_time": "2024-09-25T15:59:57.699Z",
        "user": [
            "dilozy"
        ],
        "content_type": [
            "pro_players",
            "player"
        ],
        "object_id": "9",
        "object_repr": "Melih Karaduran",
        "action_flag": 1,
        "change_message": "[{\"added\": {}}]"
    }
},
{
    "model": "admin.logentry",
    "pk": 14,
    "fields": {
        "action_time": "2024-09-25T16:00:09.441Z",
        "user": [
            "dilozy"
        ],
        "content_type": [
            "pro_players",
            "player"
        ],
        "object_id": "9",
        "object_repr": "pAura",
        "action_flag": 2,
        "change_message": "[{\"changed\": {\"fields\": [\"Full name\", \"Name\"]}}]"
    }
},
{
    "model": "admin.logentry",
    "pk": 15,
    "fields": {
        "action_time": "2024-09-25T16:00:49.013Z",
        "user": [
            "dilozy"
        ],
        "content_type": [
            "pro_players",
            "player"
        ],
        "object_id": "10",
        "object_repr": "reazy",
        "action_flag": 1,
        "change_message": "[{\"added\": {}}]"
    }
},
{
    "model": "admin.logentry",
    "pk": 16,
    "fields": {
        "action_time": "2024-09-25T16:02:19.267Z",
        "user": [
            "dilozy"
        ],
        "content_type": [
            "pro_players",
            "team"
        ],
        "object_id": "Fnatic",
        "object_repr": "Fnatic",
        "action_flag": 1,
        "change_message": "[{\"added\": {}}]"
    }
},
{
    "model": "admin.logentry",
    "pk": 17,
    "fields": {
        "action_time": "2024-09-25T16:02:35.543Z",
        "user": [
            "dilozy"
        ],
        "content_type": [
            "pro_players",
            "team"
        ],
        "object_id": "Team Heretics",
        "object_repr": "Team Heretics",
        "action_flag": 1,
        "change_message": "[{\"added\": {}}]"
    }
},
{
    "model": "admin.logentry",
    "pk": 18,
    "fields": {
        "action_time": "2024-09-25T16:02:47.227Z",
        "user": [
            "dilozy"
        ],
        "content_type": [
            "pro_players",
            "team"
        ],
        "object_id": "FUT Esports",
        "object_repr": "FUT Esports",
        "action_flag": 1,
        "change_message": "[{\"added\": {}}]"
    }
},
{
    "model": "admin.logentry",
    "pk": 19,
    "fields": {
        "action_time": "2024-09-25T16:02:57.849Z",
        "user": [
            "dilozy"
        ],
        "content_type": [
            "pro_players",
            "team"
        ],
        "object_id": "Karmine Corp",
        "object_repr": "Karmine Corp",
        "action_flag": 1,
        "change_message": "[{\"added\": {}}]"
    }
},
{
    "model": "admin.logentry",
    "pk": 20,
    "fields": {
        "action_time": "2024-09-25T16:03:14.354Z",
        "user": [
            "dilozy"
        ],
        "content_type": [
            "pro_players",
            "team"
        ],
        "object_id": "Natus Vincere",
        "object_repr": "Natus Vincere",
        "action_flag": 1,
        "change_message": "[{\"added\": {}}]"
    }
},
{
    "model": "admin.logentry",
    "pk": 21,
    "fields": {
        "action_time": "2024-09-25T16:03:25.676Z",
        "user": [
            "dilozy"
        ],
        "content_type": [
            "pro_players",
            "team"
        ],
        "object_id": "Gentle Mates",
        "object_repr": "Gentle Mates",
        "action_flag": 1,
        "change_message": "[{\"added\": {}}]"
    }
},
{
    "model": "admin.logentry",
    "pk": 22,
    "fields": {
        "action_time": "2024-09-25T16:03:34.959Z",
        "user": [
            "dilozy"
        ],
        "content_type": [
            "pro_players",
            "team"
        ],
        "object_id": "Team Vitality",
        "object_repr": "Team Vitality",
        "action_flag": 1,
        "change_message": "[{\"added\": {}}]"
    }
},
{
    "model": "admin.logentry",
    "pk": 23,
    "fields": {
        "action_time": "2024-09-25T16:03:46.162Z",
        "user": [
            "dilozy"
        ],
        "content_type": [
            "pro_players",
            "team"
        ],
        "object_id": "GIANTX",
        "object_repr": "GIANTX",
        "action_flag": 1,
        "change_message": "[{\"added\": {}}]"
    }
},
{
    "model": "admin.logentry",
    "pk": 24,
    "fields": {
        "action_time": "2024-09-25T16:03:52.464Z",
        "user": [
            "dilozy"
        ],
        "content_type": [
            "pro_players",
            "team"
        ],
        "object_id": "KOI",
        "object_repr": "KOI",
        "action_flag": 1,
        "change_message": "[{\"added\": {}}]"
    }
},
{
    "model": "admin.logentry",
    "pk": 25,
    "fields": {
        "action_time": "2024-09-25T16:04:49.624Z",
        "user": [
            "dilozy"
        ],
        "content_type": [
            "pro_players",
            "player"
        ],
        "object_id": "11",
        "object_repr": "Boaster",
        "action_flag": 1,
        "change_message": "[{\"added\": {}}]"
    }
},
{
    "model": "admin.logentry",
    "pk": 26,
    "fields": {
        "action_time": "2024-09-25T16:05:30.191Z",
        "user": [
            "dilozy"
        ],
        "content_type": [
            "pro_players",
            "player"
        ],
        "object_id": "12",
        "object_repr": "Derke",
        "action_flag": 1,
        "change_message": "[{\"added\": {}}]"
    }
},
{
    "model": "admin.logentry",
    "pk": 27,
    "fields": {
        "action_time": "2024-09-25T16:06:01.435Z",
        "user": [
            "dilozy"
        ],
        "content_type": [
            "pro_players",
            "player"
        ],
        "object_id": "13",
        "object_repr": "Alfajer",
        "action_flag": 1,
        "change_message": "[{\"added\": {}}]"
    }
},
{
    "model": "admin.logentry",
    "pk": 28,
    "fields": {
        "action_time": "2024-09-25T16:06:37.166Z",
        "user": [
            "dilozy"
        ],
        "content_type": [
            "pro_players",
            "player"
        ],
        "object_id": "14",
        "object_repr": "Chronicle",
        "action_flag": 1,
        "change_message": "[{\"added\": {}}]"
    }
},
{
    "model": "admin.logentry",
    "pk": 29,
    "fields": {
        "action_time": "2024-09-25T16:07:11.014Z",
        "user": [
            "dilozy"
        ],
        "content_type": [
            "pro_players",
            "player"
        ],
        "object_id": "15",
        "object_repr": "hiro",
        "action_flag": 1,
        "change_message": "[{\"added\": {}}]"
    }
},
{
    "model": "admin.logentry",
    "pk": 30,
    "fields": {
        "action_time": "2024-09-25T16:08:25.787Z",
        "user": [
            "dilozy"
        ],
        "content_type": [
            "pro_players",
            "player"
        ],
        "object_id": "16",
        "object_repr": "Boo",
        "action_flag": 1,
        "change_message": "[{\"added\": {}}]"
    }
},
{
    "model": "admin.logentry",
    "pk": 31,
    "fields": {
        "action_time": "2024-09-25T16:08:36.743Z",
        "user": [
            "dilozy"
        ],
        "content_type": [
            "pro_players",
            "player"
        ],
        "object_id": "11",
        "object_repr": "Boaster",
        "action_flag": 2,
        "change_message": "[{\"changed\": {\"fields\": [\"Role\"]}}]"
    }
},
{
    "model": "admin.logentry",
    "pk": 32,
    "fields": {
        "action_time": "2024-09-25T16:09:10.126Z",
        "user": [
            "dilozy"
        ],
        "content_type": [
            "pro_players",
            "player"
        ],
        "object_id": "17",
        "object_repr": "benjyfishy",
        "action_flag": 1,
        "change_message": "[{\"added\": {}}]"
    }
},
{
    "model": "admin.logentry",
    "pk": 33,
    "fields": {
        "action_time": "2024-09-25T16:09:43.666Z",
        "user": [
            "dilozy"
        ],
        "content_type": [
            "pro_players",
            "player"
        ],
        "object_id": "18",
        "object_repr": "MiniBoo",
        "action_flag": 1,
        "change_message": "[{\"added\": {}}]"
    }
},
{
    "model": "admin.logentry",
    "pk": 34,
    "fields": {
        "action_time": "2024-09-25T16:10:15.936Z",
        "user": [
            "dilozy"
        ],
        "content_type": [
            "pro_players",
            "player"
        ],
        "object_id": "19",
        "object_repr": "RieNs",
        "action_flag": 1,
        "change_message": "[{\"added\": {}}]"
    }
},
{
    "model": "admin.logentry",
    "pk": 35,
    "fields": {
        "action_time": "2024-09-25T16:10:48.058Z",
        "user": [
            "dilozy"
        ],
        "content_type": [
            "pro_players",
            "player"
        ],
        "object_id": "20",
        "object_repr": "Wo0t",
        "action_flag": 1,
        "change_message": "[{\"added\": {}}]"
    }
},
{
    "model": "admin.logentry",
    "pk": 36,
    "fields": {
        "action_time": "2024-09-25T16:12:17.615Z",
        "user": [
            "dilozy"
        ],
        "content_type": [
            "pro_players",
            "player"
        ],
        "object_id": "21",
        "object_repr": "MrFaliN",
        "action_flag": 1,
        "change_message": "[{\"added\": {}}]"
    }
},
{
    "model": "admin.logentry",
    "pk": 37,
    "fields": {
        "action_time": "2024-09-25T16:12:49.386Z",
        "user": [
            "dilozy"
        ],
        "content_type": [
            "pro_players",
            "player"
        ],
        "object_id": "22",
        "object_repr": "qRaxs",
        "action_flag": 1,
        "change_message": "[{\"added\": {}}]"
    }
},
{
    "model": "admin.logentry",
    "pk": 38,
    "fields": {
        "action_time": "2024-09-25T16:13:42.515Z",
        "user": [
            "dilozy"
        ],
        "content_type": [
            "pro_players",
            "player"
        ],
        "object_id": "23",
        "object_repr": "ATA KAPTAN",
        "action_flag": 1,
        "change_message": "[{\"added\": {}}]"
    }
},
{
    "model": "admin.logentry",
    "pk": 39,
    "fields": {
        "action_time": "2024-09-25T16:17:30.025Z",
        "user": [
            "dilozy"
        ],
        "content_type": [
            "pro_players",
            "player"
        ],
        "object_id": "24",
        "object_repr": "yetujey",
        "action_flag": 1,
        "change_message": "[{\"added\": {}}]"
    }
},
{
    "model": "admin.logentry",
    "pk": 40,
    "fields": {
        "action_time": "2024-09-25T16:17:39.987Z",
        "user": [
            "dilozy"
        ],
        "content_type": [
            "pro_players",
            "player"
        ],
        "object_id": "25",
        "object_repr": "yetujey",
        "action_flag": 1,
        "change_message": "[{\"added\": {}}]"
    }
},
{
    "model": "admin.logentry",
    "pk": 41,
    "fields": {
        "action_time": "2024-09-25T16:18:10.120Z",
        "user": [
            "dilozy"
        ],
        "content_type": [
            "pro_players",
            "player"
        ],
        "object_id": "24",
        "object_repr": "yetujey",
        "action_flag": 3,
        "change_message": ""
    }
},
{
    "model": "admin.logentry",
    "pk": 42,
    "fields": {
        "action_time": "2024-09-25T16:18:14.860Z",
        "user": [
            "dilozy"
        ],
        "content_type": [
            "pro_players",
            "player"
        ],
        "object_id": "25",
        "object_repr": "yetujey",
        "action_flag": 2,
        "change_message": "[]"
    }
},
{
    "model": "admin.logentry",
    "pk": 43,
    "fields": {
        "action_time": "2024-09-25T16:18:47.967Z",
        "user": [
            "dilozy"
        ],
        "content_type": [
            "pro_players",
            "player"
        ],
        "object_id": "26",
        "object_repr": "cNed",
        "action_flag": 1,
        "change_message": "[{\"added\": {}}]"
    }
},
{
    "model": "admin.logentry",
    "pk": 44,
    "fields": {
        "action_time": "2024-09-25T16:19:37.760Z",
        "user": [
            "dilozy"
        ],
        "content_type": [
            "pro_players",
            "player"
        ],
        "object_id": "27",
        "object_repr": "Shin",
        "action_flag": 1,
        "change_message": "[{\"added\": {}}]"
    }
},
{
    "model": "admin.logentry",
    "pk": 45,
    "fields": {
        "action_time": "2024-09-25T16:20:41.894Z",
        "user": [
            "dilozy"
        ],
        "content_type": [
            "pro_players",
            "player"
        ],
        "object_id": "28",
        "object_repr": "Magnum",
        "action_flag": 1,
        "change_message": "[{\"added\": {}}]"
    }
},
{
    "model": "admin.logentry",
    "pk": 46,
    "fields": {
        "action_time": "2024-09-25T16:21:41.776Z",
        "user": [
            "dilozy"
        ],
        "content_type": [
            "pro_players",
            "player"
        ],
        "object_id": "29",
        "object_repr": "marteen",
        "action_flag": 1,
        "change_message": "[{\"added\": {}}]"
    }
},
{
    "model": "admin.logentry",
    "pk": 47,
    "fields": {
        "action_time": "2024-09-25T16:22:06.261Z",
        "user": [
            "dilozy"
        ],
        "content_type": [
            "pro_players",
            "player"
        ],
        "object_id": "30",
        "object_repr": "N4RRATE",
        "action_flag": 1,
        "change_message": "[{\"added\": {}}]"
    }
},
{
    "model": "admin.logentry",
    "pk": 48,
    "fields": {
        "action_time": "2024-09-25T16:22:49.510Z",
        "user": [
            "dilozy"
        ],
        "content_type": [
            "pro_players",
            "player"
        ],
        "object_id": "31",
        "object_repr": "tomaszy",
        "action_flag": 1,
        "change_message": "[{\"added\": {}}]"
    }
},
{
    "model": "admin.logentry",
    "pk": 49,
    "fields": {
        "action_time": "2024-09-25T16:23:35.611Z",
        "user": [
            "dilozy"
        ],
        "content_type": [
            "pro_players",
            "player"
        ],
        "object_id": "32",
        "object_repr": "ANGE1",
        "action_flag": 1,
        "change_message": "[{\"added\": {}}]"
    }
},
{
    "model": "admin.logentry",
    "pk": 50,
    "fields": {
        "action_time": "2024-09-25T16:24:01.174Z",
        "user": [
            "dilozy"
        ],
        "content_type": [
            "pro_players",
            "player"
        ],
        "object_id": "33",
        "object_repr": "SUYGETSU",
        "action_flag": 1,
        "change_message": "[{\"added\": {}}]"
    }
},
{
    "model": "admin.logentry",
    "pk": 51,
    "fields": {
        "action_time": "2024-09-25T16:24:25.937Z",
        "user": [
            "dilozy"
        ],
        "content_type": [
            "pro_players",
            "player"
        ],
        "object_id": "34",
        "object_repr": "Shao",
        "action_flag": 1,
        "change_message": "[{\"added\": {}}]"
    }
},
{
    "model": "admin.logentry",
    "pk": 52,
    "fields": {
        "action_time": "2024-09-25T16:24:52.999Z",
        "user": [
            "dilozy"
        ],
        "content_type": [
            "pro_players",
            "player"
        ],
        "object_id": "35",
        "object_repr": "Zyppan",
        "action_flag": 1,
        "change_message": "[{\"added\": {}}]"
    }
},
{
    "model": "admin.logentry",
    "pk": 53,
    "fields": {
        "action_time": "2024-09-25T16:25:21.745Z",
        "user": [
            "dilozy"
        ],
        "content_type": [
            "pro_players",
            "player"
        ],
        "object_id": "36",
        "object_repr": "ardiis",
        "action_flag": 1,
        "change_message": "[{\"added\": {}}]"
    }
},
{
    "model": "admin.logentry",
    "pk": 54,
    "fields": {
        "action_time": "2024-09-25T16:26:07.250Z",
        "user": [
            "dilozy"
        ],
        "content_type": [
            "pro_players",
            "player"
        ],
        "object_id": "37",
        "object_repr": "beyAz",
        "action_flag": 1,
        "change_message": "[{\"added\": {}}]"
    }
},
{
    "model": "admin.logentry",
    "pk": 55,
    "fields": {
        "action_time": "2024-09-25T16:26:37.610Z",
        "user": [
            "dilozy"
        ],
        "content_type": [
            "pro_players",
            "player"
        ],
        "object_id": "38",
        "object_repr": "nataNk",
        "action_flag": 1,
        "change_message": "[{\"added\": {}}]"
    }
},
{
    "model": "admin.logentry",
    "pk": 56,
    "fields": {
        "action_time": "2024-09-25T16:27:06.801Z",
        "user": [
            "dilozy"
        ],
        "content_type": [
            "pro_players",
            "player"
        ],
        "object_id": "39",
        "object_repr": "TakaS",
        "action_flag": 1,
        "change_message": "[{\"added\": {}}]"
    }
},
{
    "model": "admin.logentry",
    "pk": 57,
    "fields": {
        "action_time": "2024-09-25T16:27:31.866Z",
        "user": [
            "dilozy"
        ],
        "content_type": [
            "pro_players",
            "player"
        ],
        "object_id": "40",
        "object_repr": "Wailers",
        "action_flag": 1,
        "change_message": "[{\"added\": {}}]"
    }
},
{
    "model": "admin.logentry",
    "pk": 58,
    "fields": {
        "action_time": "2024-09-25T16:28:19.001Z",
        "user": [
            "dilozy"
        ],
        "content_type": [
            "pro_players",
            "player"
        ],
        "object_id": "41",
        "object_repr": "kAdavra",
        "action_flag": 1,
        "change_message": "[{\"added\": {}}]"
    }
},
{
    "model": "admin.logentry",
    "pk": 59,
    "fields": {
        "action_time": "2024-09-25T16:28:59.995Z",
        "user": [
            "dilozy"
        ],
        "content_type": [
            "pro_players",
            "player"
        ],
        "object_id": "42",
        "object_repr": "ceNder",
        "action_flag": 1,
        "change_message": "[{\"added\": {}}]"
    }
},
{
    "model": "admin.logentry",
    "pk": 60,
    "fields": {
        "action_time": "2024-09-25T16:29:26.176Z",
        "user": [
            "dilozy"
        ],
        "content_type": [
            "pro_players",
            "player"
        ],
        "object_id": "43",
        "object_repr": "runneR",
        "action_flag": 1,
        "change_message": "[{\"added\": {}}]"
    }
},
{
    "model": "admin.logentry",
    "pk": 61,
    "fields": {
        "action_time": "2024-09-25T16:29:54.466Z",
        "user": [
            "dilozy"
        ],
        "content_type": [
            "pro_players",
            "player"
        ],
        "object_id": "44",
        "object_repr": "Kicks",
        "action_flag": 1,
        "change_message": "[{\"added\": {}}]"
    }
},
{
    "model": "admin.logentry",
    "pk": 62,
    "fields": {
        "action_time": "2024-09-25T16:30:24.377Z",
        "user": [
            "dilozy"
        ],
        "content_type": [
            "pro_players",
            "player"
        ],
        "object_id": "45",
        "object_repr": "Sayf",
        "action_flag": 1,
        "change_message": "[{\"added\": {}}]"
    }
},
{
    "model": "admin.logentry",
    "pk": 63,
    "fields": {
        "action_time": "2024-09-25T16:31:04.591Z",
        "user": [
            "dilozy"
        ],
        "content_type": [
            "pro_players",
            "player"
        ],
        "object_id": "46",
        "object_repr": "Nikita Cherednichenko",
        "action_flag": 1,
        "change_message": "[{\"added\": {}}]"
    }
},
{
    "model": "admin.logentry",
    "pk": 64,
    "fields": {
        "action_time": "2024-09-25T16:31:50.117Z",
        "user": [
            "dilozy"
        ],
        "content_type": [
            "pro_players",
            "player"
        ],
        "object_id": "47",
        "object_repr": "Cloud",
        "action_flag": 1,
        "change_message": "[{\"added\": {}}]"
    }
},
{
    "model": "admin.logentry",
    "pk": 65,
    "fields": {
        "action_time": "2024-09-25T16:33:51.056Z",
        "user": [
            "dilozy"
        ],
        "content_type": [
            "pro_players",
            "player"
        ],
        "object_id": "48",
        "object_repr": "hoody",
        "action_flag": 1,
        "change_message": "[{\"added\": {}}]"
    }
},
{
    "model": "admin.logentry",
    "pk": 66,
    "fields": {
        "action_time": "2024-09-25T16:34:25.868Z",
        "user": [
            "dilozy"
        ],
        "content_type": [
            "pro_players",
            "player"
        ],
        "object_id": "49",
        "object_repr": "Fit1nho",
        "action_flag": 1,
        "change_message": "[{\"added\": {}}]"
    }
},
{
    "model": "admin.logentry",
    "pk": 67,
    "fields": {
        "action_time": "2024-09-25T16:34:49.452Z",
        "user": [
            "dilozy"
        ],
        "content_type": [
            "pro_players",
            "player"
        ],
        "object_id": "50",
        "object_repr": "purp0",
        "action_flag": 1,
        "change_message": "[{\"added\": {}}]"
    }
},
{
    "model": "admin.logentry",
    "pk": 68,
    "fields": {
        "action_time": "2024-09-25T16:35:38.193Z",
        "user": [
            "dilozy"
        ],
        "content_type": [
            "pro_players",
            "player"
        ],
        "object_id": "51",
        "object_repr": "Famsii",
        "action_flag": 1,
        "change_message": "[{\"added\": {}}]"
    }
},
{
    "model": "admin.logentry",
    "pk": 69,
    "fields": {
        "action_time": "2024-09-25T16:35:50.800Z",
        "user": [
            "dilozy"
        ],
        "content_type": [
            "pro_players",
            "player"
        ],
        "object_id": "46",
        "object_repr": "trexx",
        "action_flag": 2,
        "change_message": "[{\"changed\": {\"fields\": [\"Full name\", \"Name\"]}}]"
    }
},
{
    "model": "admin.logentry",
    "pk": 70,
    "fields": {
        "action_time": "2024-09-25T16:36:33.235Z",
        "user": [
            "dilozy"
        ],
        "content_type": [
            "pro_players",
            "player"
        ],
        "object_id": "52",
        "object_repr": "Sheydos",
        "action_flag": 1,
        "change_message": "[{\"added\": {}}]"
    }
},
{
    "model": "admin.logentry",
    "pk": 71,
    "fields": {
        "action_time": "2024-09-25T16:37:17.733Z",
        "user": [
            "dilozy"
        ],
        "content_type": [
            "pro_players",
            "player"
        ],
        "object_id": "53",
        "object_repr": "starxo",
        "action_flag": 1,
        "change_message": "[{\"added\": {}}]"
    }
},
{
    "model": "admin.logentry",
    "pk": 72,
    "fields": {
        "action_time": "2024-09-25T16:37:46.592Z",
        "user": [
            "dilozy"
        ],
        "content_type": [
            "pro_players",
            "player"
        ],
        "object_id": "54",
        "object_repr": "GRUBINHO",
        "action_flag": 1,
        "change_message": "[{\"added\": {}}]"
    }
},
{
    "model": "admin.logentry",
    "pk": 73,
    "fields": {
        "action_time": "2024-09-25T16:38:06.297Z",
        "user": [
            "dilozy"
        ],
        "content_type": [
            "pro_players",
            "player"
        ],
        "object_id": "55",
        "object_repr": "kamo",
        "action_flag": 1,
        "change_message": "[{\"added\": {}}]"
    }
},
{
    "model": "admin.logentry",
    "pk": 74,
    "fields": {
        "action_time": "2024-09-25T16:38:29.843Z",
        "user": [
            "dilozy"
        ],
        "content_type": [
            "pro_players",
            "player"
        ],
        "object_id": "56",
        "object_repr": "ShadoW",
        "action_flag": 1,
        "change_message": "[{\"added\": {}}]"
    }
},
{
    "model": "admin.logentry",
    "pk": 75,
    "fields": {
        "action_time": "2024-09-28T08:08:56.738Z",
        "user": [
            "dilozy"
        ],
        "content_type": [
            "pro_players",
            "player"
        ],
        "object_id": "56",
        "object_repr": "ShadoW",
        "action_flag": 2,
        "change_message": "[{\"changed\": {\"fields\": [\"Slug\"]}}]"
    }
},
{
    "model": "admin.logentry",
    "pk": 76,
    "fields": {
        "action_time": "2024-09-28T08:09:02.845Z",
        "user": [
            "dilozy"
        ],
        "content_type": [
            "pro_players",
            "player"
        ],
        "object_id": "55",
        "object_repr": "kamo",
        "action_flag": 2,
        "change_message": "[{\"changed\": {\"fields\": [\"Slug\"]}}]"
    }
},
{
    "model": "admin.logentry",
    "pk": 77,
    "fields": {
        "action_time": "2024-09-28T08:09:06.962Z",
        "user": [
            "dilozy"
        ],
        "content_type": [
            "pro_players",
            "player"
        ],
        "object_id": "54",
        "object_repr": "GRUBINHO",
        "action_flag": 2,
        "change_message": "[{\"changed\": {\"fields\": [\"Slug\"]}}]"
    }
},
{
    "model": "admin.logentry",
    "pk": 78,
    "fields": {
        "action_time": "2024-09-28T08:09:15.993Z",
        "user": [
            "dilozy"
        ],
        "content_type": [
            "pro_players",
            "player"
        ],
        "object_id": "53",
        "object_repr": "starxo",
        "action_flag": 2,
        "change_message": "[{\"changed\": {\"fields\": [\"Slug\"]}}]"
    }
},
{
    "model": "admin.logentry",
    "pk": 79,
    "fields": {
        "action_time": "2024-09-28T08:09:21.212Z",
        "user": [
            "dilozy"
        ],
        "content_type": [
            "pro_players",
            "player"
        ],
        "object_id": "52",
        "object_repr": "Sheydos",
        "action_flag": 2,
        "change_message": "[{\"changed\": {\"fields\": [\"Slug\"]}}]"
    }
},
{
    "model": "admin.logentry",
    "pk": 80,
    "fields": {
        "action_time": "2024-09-28T08:09:26.544Z",
        "user": [
            "dilozy"
        ],
        "content_type": [
            "pro_players",
            "player"
        ],
        "object_id": "51",
        "object_repr": "Famsii",
        "action_flag": 2,
        "change_message": "[{\"changed\": {\"fields\": [\"Slug\"]}}]"
    }
},
{
    "model": "admin.logentry",
    "pk": 81,
    "fields": {
        "action_time": "2024-09-28T08:09:33.866Z",
        "user": [
            "dilozy"
        ],
        "content_type": [
            "pro_players",
            "player"
        ],
        "object_id": "50",
        "object_repr": "purp0",
        "action_flag": 2,
        "change_message": "[{\"changed\": {\"fields\": [\"Slug\"]}}]"
    }
},
{
    "model": "admin.logentry",
    "pk": 82,
    "fields": {
        "action_time": "2024-09-28T08:09:38.618Z",
        "user": [
            "dilozy"
        ],
        "content_type": [
            "pro_players",
            "player"
        ],
        "object_id": "49",
        "object_repr": "Fit1nho",
        "action_flag": 2,
        "change_message": "[{\"changed\": {\"fields\": [\"Slug\"]}}]"
    }
},
{
    "model": "admin.logentry",
    "pk": 83,
    "fields": {
        "action_time": "2024-09-28T08:09:43.036Z",
        "user": [
            "dilozy"
        ],
        "content_type": [
            "pro_players",
            "player"
        ],
        "object_id": "48",
        "object_repr": "hoody",
        "action_flag": 2,
        "change_message": "[{\"changed\": {\"fields\": [\"Slug\"]}}]"
    }
},
{
    "model": "admin.logentry",
    "pk": 84,
    "fields": {
        "action_time": "2024-09-28T08:09:47.320Z",
        "user": [
            "dilozy"
        ],
        "content_type": [
            "pro_players",
            "player"
        ],
        "object_id": "47",
        "object_repr": "Cloud",
        "action_flag": 2,
        "change_message": "[{\"changed\": {\"fields\": [\"Slug\"]}}]"
    }
},
{
    "model": "admin.logentry",
    "pk": 85,
    "fields": {
        "action_time": "2024-09-28T08:09:51.137Z",
        "user": [
            "dilozy"
        ],
        "content_type": [
            "pro_players",
            "player"
        ],
        "object_id": "46",
        "object_repr": "trexx",
        "action_flag": 2,
        "change_message": "[{\"changed\": {\"fields\": [\"Slug\"]}}]"
    }
},
{
    "model": "admin.logentry",
    "pk": 86,
    "fields": {
        "action_time": "2024-09-28T08:09:55.789Z",
        "user": [
            "dilozy"
        ],
        "content_type": [
            "pro_players",
            "player"
        ],
        "object_id": "45",
        "object_repr": "Sayf",
        "action_flag": 2,
        "change_message": "[{\"changed\": {\"fields\": [\"Slug\"]}}]"
    }
},
{
    "model": "admin.logentry",
    "pk": 87,
    "fields": {
        "action_time": "2024-09-28T08:10:00.426Z",
        "user": [
            "dilozy"
        ],
        "content_type": [
            "pro_players",
            "player"
        ],
        "object_id": "44",
        "object_repr": "Kicks",
        "action_flag": 2,
        "change_message": "[{\"changed\": {\"fields\": [\"Slug\"]}}]"
    }
},
{
    "model": "admin.logentry",
    "pk": 88,
    "fields": {
        "action_time": "2024-09-28T08:10:05.870Z",
        "user": [
            "dilozy"
        ],
        "content_type": [
            "pro_players",
            "player"
        ],
        "object_id": "43",
        "object_repr": "runneR",
        "action_flag": 2,
        "change_message": "[{\"changed\": {\"fields\": [\"Slug\"]}}]"
    }
},
{
    "model": "admin.logentry",
    "pk": 89,
    "fields": {
        "action_time": "2024-09-28T08:10:10.085Z",
        "user": [
            "dilozy"
        ],
        "content_type": [
            "pro_players",
            "player"
        ],
        "object_id": "42",
        "object_repr": "ceNder",
        "action_flag": 2,
        "change_message": "[{\"changed\": {\"fields\": [\"Slug\"]}}]"
    }
},
{
    "model": "admin.logentry",
    "pk": 90,
    "fields": {
        "action_time": "2024-09-28T08:10:13.288Z",
        "user": [
            "dilozy"
        ],
        "content_type": [
            "pro_players",
            "player"
        ],
        "object_id": "41",
        "object_repr": "kAdavra",
        "action_flag": 2,
        "change_message": "[{\"changed\": {\"fields\": [\"Slug\"]}}]"
    }
},
{
    "model": "admin.logentry",
    "pk": 91,
    "fields": {
        "action_time": "2024-09-28T08:10:17.052Z",
        "user": [
            "dilozy"
        ],
        "content_type": [
            "pro_players",
            "player"
        ],
        "object_id": "40",
        "object_repr": "Wailers",
        "action_flag": 2,
        "change_message": "[{\"changed\": {\"fields\": [\"Slug\"]}}]"
    }
},
{
    "model": "admin.logentry",
    "pk": 92,
    "fields": {
        "action_time": "2024-09-28T08:10:23.684Z",
        "user": [
            "dilozy"
        ],
        "content_type": [
            "pro_players",
            "player"
        ],
        "object_id": "39",
        "object_repr": "TakaS",
        "action_flag": 2,
        "change_message": "[{\"changed\": {\"fields\": [\"Slug\"]}}]"
    }
},
{
    "model": "admin.logentry",
    "pk": 93,
    "fields": {
        "action_time": "2024-09-28T08:10:27.800Z",
        "user": [
            "dilozy"
        ],
        "content_type": [
            "pro_players",
            "player"
        ],
        "object_id": "38",
        "object_repr": "nataNk",
        "action_flag": 2,
        "change_message": "[{\"changed\": {\"fields\": [\"Slug\"]}}]"
    }
},
{
    "model": "admin.logentry",
    "pk": 94,
    "fields": {
        "action_time": "2024-09-28T08:10:30.985Z",
        "user": [
            "dilozy"
        ],
        "content_type": [
            "pro_players",
            "player"
        ],
        "object_id": "37",
        "object_repr": "beyAz",
        "action_flag": 2,
        "change_message": "[{\"changed\": {\"fields\": [\"Slug\"]}}]"
    }
},
{
    "model": "admin.logentry",
    "pk": 95,
    "fields": {
        "action_time": "2024-09-28T08:10:35.599Z",
        "user": [
            "dilozy"
        ],
        "content_type": [
            "pro_players",
            "player"
        ],
        "object_id": "36",
        "object_repr": "ardiis",
        "action_flag": 2,
        "change_message": "[{\"changed\": {\"fields\": [\"Slug\"]}}]"
    }
},
{
    "model": "admin.logentry",
    "pk": 96,
    "fields": {
        "action_time": "2024-09-28T08:10:39.362Z",
        "user": [
            "dilozy"
        ],
        "content_type": [
            "pro_players",
            "player"
        ],
        "object_id": "36",
        "object_repr": "ardiis",
        "action_flag": 2,
        "change_message": "[]"
    }
},
{
    "model": "admin.logentry",
    "pk": 97,
    "fields": {
        "action_time": "2024-09-28T08:10:46.128Z",
        "user": [
            "dilozy"
        ],
        "content_type": [
            "pro_players",
            "player"
        ],
        "object_id": "35",
        "object_repr": "Zyppan",
        "action_flag": 2,
        "change_message": "[{\"changed\": {\"fields\": [\"Slug\"]}}]"
    }
},
{
    "model": "admin.logentry",
    "pk": 98,
    "fields": {
        "action_time": "2024-09-28T08:10:50.378Z",
        "user": [
            "dilozy"
        ],
        "content_type": [
            "pro_players",
            "player"
        ],
        "object_id": "34",
        "object_repr": "Shao",
        "action_flag": 2,
        "change_message": "[{\"changed\": {\"fields\": [\"Slug\"]}}]"
    }
},
{
    "model": "admin.logentry",
    "pk": 99,
    "fields": {
        "action_time": "2024-09-28T08:10:54.664Z",
        "user": [
            "dilozy"
        ],
        "content_type": [
            "pro_players",
            "player"
        ],
        "object_id": "33",
        "object_repr": "SUYGETSU",
        "action_flag": 2,
        "change_message": "[{\"changed\": {\"fields\": [\"Slug\"]}}]"
    }
},
{
    "model": "admin.logentry",
    "pk": 100,
    "fields": {
        "action_time": "2024-09-28T08:11:00.295Z",
        "user": [
            "dilozy"
        ],
        "content_type": [
            "pro_players",
            "player"
        ],
        "object_id": "32",
        "object_repr": "ANGE1",
        "action_flag": 2,
        "change_message": "[{\"changed\": {\"fields\": [\"Slug\"]}}]"
    }
},
{
    "model": "admin.logentry",
    "pk": 101,
    "fields": {
        "action_time": "2024-09-28T08:11:03.973Z",
        "user": [
            "dilozy"
        ],
        "content_type": [
            "pro_players",
            "player"
        ],
        "object_id": "31",
        "object_repr": "tomaszy",
        "action_flag": 2,
        "change_message": "[{\"changed\": {\"fields\": [\"Slug\"]}}]"
    }
},
{
    "model": "admin.logentry",
    "pk": 102,
    "fields": {
        "action_time": "2024-09-28T08:11:08.303Z",
        "user": [
            "dilozy"
        ],
        "content_type": [
            "pro_players",
            "player"
        ],
        "object_id": "30",
        "object_repr": "N4RRATE",
        "action_flag": 2,
        "change_message": "[{\"changed\": {\"fields\": [\"Slug\"]}}]"
    }
},
{
    "model": "admin.logentry",
    "pk": 103,
    "fields": {
        "action_time": "2024-09-28T08:11:12.543Z",
        "user": [
            "dilozy"
        ],
        "content_type": [
            "pro_players",
            "player"
        ],
        "object_id": "29",
        "object_repr": "marteen",
        "action_flag": 2,
        "change_message": "[{\"changed\": {\"fields\": [\"Slug\"]}}]"
    }
},
{
    "model": "admin.logentry",
    "pk": 104,
    "fields": {
        "action_time": "2024-09-28T08:11:16.744Z",
        "user": [
            "dilozy"
        ],
        "content_type": [
            "pro_players",
            "player"
        ],
        "object_id": "28",
        "object_repr": "Magnum",
        "action_flag": 2,
        "change_message": "[{\"changed\": {\"fields\": [\"Slug\"]}}]"
    }
},
{
    "model": "admin.logentry",
    "pk": 105,
    "fields": {
        "action_time": "2024-09-28T08:11:20.972Z",
        "user": [
            "dilozy"
        ],
        "content_type": [
            "pro_players",
            "player"
        ],
        "object_id": "27",
        "object_repr": "Shin",
        "action_flag": 2,
        "change_message": "[{\"changed\": {\"fields\": [\"Slug\"]}}]"
    }
},
{
    "model": "admin.logentry",
    "pk": 106,
    "fields": {
        "action_time": "2024-09-28T08:11:24.684Z",
        "user": [
            "dilozy"
        ],
        "content_type": [
            "pro_players",
            "player"
        ],
        "object_id": "26",
        "object_repr": "cNed",
        "action_flag": 2,
        "change_message": "[{\"changed\": {\"fields\": [\"Slug\"]}}]"
    }
},
{
    "model": "admin.logentry",
    "pk": 107,
    "fields": {
        "action_time": "2024-09-28T08:11:28.457Z",
        "user": [
            "dilozy"
        ],
        "content_type": [
            "pro_players",
            "player"
        ],
        "object_id": "25",
        "object_repr": "yetujey",
        "action_flag": 2,
        "change_message": "[{\"changed\": {\"fields\": [\"Slug\"]}}]"
    }
},
{
    "model": "admin.logentry",
    "pk": 108,
    "fields": {
        "action_time": "2024-09-28T08:11:32.752Z",
        "user": [
            "dilozy"
        ],
        "content_type": [
            "pro_players",
            "player"
        ],
        "object_id": "23",
        "object_repr": "ATA KAPTAN",
        "action_flag": 2,
        "change_message": "[{\"changed\": {\"fields\": [\"Slug\"]}}]"
    }
},
{
    "model": "admin.logentry",
    "pk": 109,
    "fields": {
        "action_time": "2024-09-28T08:11:36.289Z",
        "user": [
            "dilozy"
        ],
        "content_type": [
            "pro_players",
            "player"
        ],
        "object_id": "22",
        "object_repr": "qRaxs",
        "action_flag": 2,
        "change_message": "[{\"changed\": {\"fields\": [\"Slug\"]}}]"
    }
},
{
    "model": "admin.logentry",
    "pk": 110,
    "fields": {
        "action_time": "2024-09-28T08:11:40.002Z",
        "user": [
            "dilozy"
        ],
        "content_type": [
            "pro_players",
            "player"
        ],
        "object_id": "21",
        "object_repr": "MrFaliN",
        "action_flag": 2,
        "change_message": "[{\"changed\": {\"fields\": [\"Slug\"]}}]"
    }
},
{
    "model": "admin.logentry",
    "pk": 111,
    "fields": {
        "action_time": "2024-09-28T08:11:44.980Z",
        "user": [
            "dilozy"
        ],
        "content_type": [
            "pro_players",
            "player"
        ],
        "object_id": "20",
        "object_repr": "Wo0t",
        "action_flag": 2,
        "change_message": "[{\"changed\": {\"fields\": [\"Slug\"]}}]"
    }
},
{
    "model": "admin.logentry",
    "pk": 112,
    "fields": {
        "action_time": "2024-09-28T08:11:49.964Z",
        "user": [
            "dilozy"
        ],
        "content_type": [
            "pro_players",
            "player"
        ],
        "object_id": "19",
        "object_repr": "RieNs",
        "action_flag": 2,
        "change_message": "[{\"changed\": {\"fields\": [\"Slug\"]}}]"
    }
},
{
    "model": "admin.logentry",
    "pk": 113,
    "fields": {
        "action_time": "2024-09-28T08:11:53.094Z",
        "user": [
            "dilozy"
        ],
        "content_type": [
            "pro_players",
            "player"
        ],
        "object_id": "18",
        "object_repr": "MiniBoo",
        "action_flag": 2,
        "change_message": "[{\"changed\": {\"fields\": [\"Slug\"]}}]"
    }
},
{
    "model": "admin.logentry",
    "pk": 114,
    "fields": {
        "action_time": "2024-09-28T08:11:58.743Z",
        "user": [
            "dilozy"
        ],
        "content_type": [
            "pro_players",
            "player"
        ],
        "object_id": "17",
        "object_repr": "benjyfishy",
        "action_flag": 2,
        "change_message": "[{\"changed\": {\"fields\": [\"Slug\"]}}]"
    }
},
{
    "model": "admin.logentry",
    "pk": 115,
    "fields": {
        "action_time": "2024-09-28T08:12:02.935Z",
        "user": [
            "dilozy"
        ],
        "content_type": [
            "pro_players",
            "player"
        ],
        "object_id": "16",
        "object_repr": "Boo",
        "action_flag": 2,
        "change_message": "[{\"changed\": {\"fields\": [\"Slug\"]}}]"
    }
},
{
    "model": "admin.logentry",
    "pk": 116,
    "fields": {
        "action_time": "2024-09-28T08:12:07.513Z",
        "user": [
            "dilozy"
        ],
        "content_type": [
            "pro_players",
            "player"
        ],
        "object_id": "15",
        "object_repr": "hiro",
        "action_flag": 2,
        "change_message": "[{\"changed\": {\"fields\": [\"Slug\"]}}]"
    }
},
{
    "model": "admin.logentry",
    "pk": 117,
    "fields": {
        "action_time": "2024-09-28T08:12:11.046Z",
        "user": [
            "dilozy"
        ],
        "content_type": [
            "pro_players",
            "player"
        ],
        "object_id": "14",
        "object_repr": "Chronicle",
        "action_flag": 2,
        "change_message": "[{\"changed\": {\"fields\": [\"Slug\"]}}]"
    }
},
{
    "model": "admin.logentry",
    "pk": 118,
    "fields": {
        "action_time": "2024-09-28T08:12:14.562Z",
        "user": [
            "dilozy"
        ],
        "content_type": [
            "pro_players",
            "player"
        ],
        "object_id": "13",
        "object_repr": "Alfajer",
        "action_flag": 2,
        "change_message": "[{\"changed\": {\"fields\": [\"Slug\"]}}]"
    }
},
{
    "model": "admin.logentry",
    "pk": 119,
    "fields": {
        "action_time": "2024-09-28T08:12:17.922Z",
        "user": [
            "dilozy"
        ],
        "content_type": [
            "pro_players",
            "player"
        ],
        "object_id": "12",
        "object_repr": "Derke",
        "action_flag": 2,
        "change_message": "[{\"changed\": {\"fields\": [\"Slug\"]}}]"
    }
},
{
    "model": "admin.logentry",
    "pk": 120,
    "fields": {
        "action_time": "2024-09-28T08:12:21.817Z",
        "user": [
            "dilozy"
        ],
        "content_type": [
            "pro_players",
            "player"
        ],
        "object_id": "11",
        "object_repr": "Boaster",
        "action_flag": 2,
        "change_message": "[{\"changed\": {\"fields\": [\"Slug\"]}}]"
    }
},
{
    "model": "admin.logentry",
    "pk": 121,
    "fields": {
        "action_time": "2024-09-28T08:12:25.337Z",
        "user": [
            "dilozy"
        ],
        "content_type": [
            "pro_players",
            "player"
        ],
        "object_id": "10",
        "object_repr": "reazy",
        "action_flag": 2,
        "change_message": "[{\"changed\": {\"fields\": [\"Slug\"]}}]"
    }
},
{
    "model": "admin.logentry",
    "pk": 122,
    "fields": {
        "action_time": "2024-09-28T08:12:28.512Z",
        "user": [
            "dilozy"
        ],
        "content_type": [
            "pro_players",
            "player"
        ],
        "object_id": "9",
        "object_repr": "pAura",
        "action_flag": 2,
        "change_message": "[{\"changed\": {\"fields\": [\"Slug\"]}}]"
    }
},
{
    "model": "admin.logentry",
    "pk": 123,
    "fields": {
        "action_time": "2024-09-28T08:12:32.737Z",
        "user": [
            "dilozy"
        ],
        "content_type": [
            "pro_players",
            "player"
        ],
        "object_id": "8",
        "object_repr": "Elite",
        "action_flag": 2,
        "change_message": "[{\"changed\": {\"fields\": [\"Slug\"]}}]"
    }
},
{
    "model": "admin.logentry",
    "pk": 124,
    "fields": {
        "action_time": "2024-09-28T08:12:36.237Z",
        "user": [
            "dilozy"
        ],
        "content_type": [
            "pro_players",
            "player"
        ],
        "object_id": "7",
        "object_repr": "Brave",
        "action_flag": 2,
        "change_message": "[{\"changed\": {\"fields\": [\"Slug\"]}}]"
    }
},
{
    "model": "admin.logentry",
    "pk": 125,
    "fields": {
        "action_time": "2024-09-28T08:12:40.166Z",
        "user": [
            "dilozy"
        ],
        "content_type": [
            "pro_players",
            "player"
        ],
        "object_id": "6",
        "object_repr": "QutionerX",
        "action_flag": 2,
        "change_message": "[{\"changed\": {\"fields\": [\"Slug\"]}}]"
    }
},
{
    "model": "admin.logentry",
    "pk": 126,
    "fields": {
        "action_time": "2024-09-28T08:12:43.388Z",
        "user": [
            "dilozy"
        ],
        "content_type": [
            "pro_players",
            "player"
        ],
        "object_id": "5",
        "object_repr": "Mistic",
        "action_flag": 2,
        "change_message": "[{\"changed\": {\"fields\": [\"Slug\"]}}]"
    }
},
{
    "model": "admin.logentry",
    "pk": 127,
    "fields": {
        "action_time": "2024-09-28T08:12:46.935Z",
        "user": [
            "dilozy"
        ],
        "content_type": [
            "pro_players",
            "player"
        ],
        "object_id": "4",
        "object_repr": "Keiko",
        "action_flag": 2,
        "change_message": "[{\"changed\": {\"fields\": [\"Slug\"]}}]"
    }
},
{
    "model": "admin.logentry",
    "pk": 128,
    "fields": {
        "action_time": "2024-09-28T08:12:49.665Z",
        "user": [
            "dilozy"
        ],
        "content_type": [
            "pro_players",
            "player"
        ],
        "object_id": "3",
        "object_repr": "Enzo",
        "action_flag": 2,
        "change_message": "[{\"changed\": {\"fields\": [\"Slug\"]}}]"
    }
},
{
    "model": "admin.logentry",
    "pk": 129,
    "fields": {
        "action_time": "2024-09-28T08:12:52.275Z",
        "user": [
            "dilozy"
        ],
        "content_type": [
            "pro_players",
            "player"
        ],
        "object_id": "2",
        "object_repr": "Jamppi",
        "action_flag": 2,
        "change_message": "[{\"changed\": {\"fields\": [\"Slug\"]}}]"
    }
},
{
    "model": "admin.logentry",
    "pk": 130,
    "fields": {
        "action_time": "2024-09-28T08:12:55.678Z",
        "user": [
            "dilozy"
        ],
        "content_type": [
            "pro_players",
            "player"
        ],
        "object_id": "1",
        "object_repr": "nAts",
        "action_flag": 2,
        "change_message": "[{\"changed\": {\"fields\": [\"Slug\"]}}]"
    }
},
{
    "model": "admin.logentry",
    "pk": 131,
    "fields": {
        "action_time": "2024-09-28T08:14:13.612Z",
        "user": [
            "dilozy"
        ],
        "content_type": [
            "pro_players",
            "team"
        ],
        "object_id": "Team Vitality",
        "object_repr": "Team Vitality",
        "action_flag": 2,
        "change_message": "[]"
    }
},
{
    "model": "admin.logentry",
    "pk": 132,
    "fields": {
        "action_time": "2024-09-28T08:15:33.416Z",
        "user": [
            "dilozy"
        ],
        "content_type": [
            "pro_players",
            "team"
        ],
        "object_id": "Team Vitality",
        "object_repr": "Team Vitality",
        "action_flag": 2,
        "change_message": "[{\"changed\": {\"fields\": [\"Slug\"]}}]"
    }
},
{
    "model": "admin.logentry",
    "pk": 133,
    "fields": {
        "action_time": "2024-09-28T08:15:39.743Z",
        "user": [
            "dilozy"
        ],
        "content_type": [
            "pro_players",
            "team"
        ],
        "object_id": "Team Heretics",
        "object_repr": "Team Heretics",
        "action_flag": 2,
        "change_message": "[{\"changed\": {\"fields\": [\"Slug\"]}}]"
    }
},
{
    "model": "admin.logentry",
    "pk": 134,
    "fields": {
        "action_time": "2024-09-28T08:15:46.720Z",
        "user": [
            "dilozy"
        ],
        "content_type": [
            "pro_players",
            "team"
        ],
        "object_id": "Natus Vincere",
        "object_repr": "Natus Vincere",
        "action_flag": 2,
        "change_message": "[{\"changed\": {\"fields\": [\"Slug\"]}}]"
    }
},
{
    "model": "admin.logentry",
    "pk": 135,
    "fields": {
        "action_time": "2024-09-28T08:15:51.910Z",
        "user": [
            "dilozy"
        ],
        "content_type": [
            "pro_players",
            "team"
        ],
        "object_id": "Liquid",
        "object_repr": "Liquid",
        "action_flag": 2,
        "change_message": "[{\"changed\": {\"fields\": [\"Slug\"]}}]"
    }
},
{
    "model": "admin.logentry",
    "pk": 136,
    "fields": {
        "action_time": "2024-09-28T08:15:58.817Z",
        "user": [
            "dilozy"
        ],
        "content_type": [
            "pro_players",
            "team"
        ],
        "object_id": "Karmine Corp",
        "object_repr": "Karmine Corp",
        "action_flag": 2,
        "change_message": "[{\"changed\": {\"fields\": [\"Slug\"]}}]"
    }
},
{
    "model": "admin.logentry",
    "pk": 137,
    "fields": {
        "action_time": "2024-09-28T08:16:02.465Z",
        "user": [
            "dilozy"
        ],
        "content_type": [
            "pro_players",
            "team"
        ],
        "object_id": "KOI",
        "object_repr": "KOI",
        "action_flag": 2,
        "change_message": "[{\"changed\": {\"fields\": [\"Slug\"]}}]"
    }
},
{
    "model": "admin.logentry",
    "pk": 138,
    "fields": {
        "action_time": "2024-09-28T08:16:07.574Z",
        "user": [
            "dilozy"
        ],
        "content_type": [
            "pro_players",
            "team"
        ],
        "object_id": "Gentle Mates",
        "object_repr": "Gentle Mates",
        "action_flag": 2,
        "change_message": "[{\"changed\": {\"fields\": [\"Slug\"]}}]"
    }
},
{
    "model": "admin.logentry",
    "pk": 139,
    "fields": {
        "action_time": "2024-09-28T08:16:12.710Z",
        "user": [
            "dilozy"
        ],
        "content_type": [
            "pro_players",
            "team"
        ],
        "object_id": "GIANTX",
        "object_repr": "GIANTX",
        "action_flag": 2,
        "change_message": "[{\"changed\": {\"fields\": [\"Slug\"]}}]"
    }
},
{
    "model": "admin.logentry",
    "pk": 140,
    "fields": {
        "action_time": "2024-09-28T08:16:17.252Z",
        "user": [
            "dilozy"
        ],
        "content_type": [
            "pro_players",
            "team"
        ],
        "object_id": "Fnatic",
        "object_repr": "Fnatic",
        "action_flag": 2,
        "change_message": "[{\"changed\": {\"fields\": [\"Slug\"]}}]"
    }
},
{
    "model": "admin.logentry",
    "pk": 141,
    "fields": {
        "action_time": "2024-09-28T08:16:23.156Z",
        "user": [
            "dilozy"
        ],
        "content_type": [
            "pro_players",
            "team"
        ],
        "object_id": "FUT Esports",
        "object_repr": "FUT Esports",
        "action_flag": 2,
        "change_message": "[{\"changed\": {\"fields\": [\"Slug\"]}}]"
    }
},
{
    "model": "admin.logentry",
    "pk": 142,
    "fields": {
        "action_time": "2024-09-28T08:16:26.371Z",
        "user": [
            "dilozy"
        ],
        "content_type": [
            "pro_players",
            "team"
        ],
        "object_id": "BBL",
        "object_repr": "BBL",
        "action_flag": 2,
        "change_message": "[{\"changed\": {\"fields\": [\"Slug\"]}}]"
    }
},
{
    "model": "admin.logentry",
    "pk": 143,
    "fields": {
        "action_time": "2024-09-28T13:47:46.611Z",
        "user": [
            "dilozy"
        ],
        "content_type": [
            "pro_players",
            "team"
        ],
        "object_id": "Apeks",
        "object_repr": "Apeks",
        "action_flag": 3,
        "change_message": ""
    }
},
{
    "model": "admin.logentry",
    "pk": 144,
    "fields": {
        "action_time": "2024-09-28T13:49:22.942Z",
        "user": [
            "dilozy"
        ],
        "content_type": [
            "pro_players",
            "team"
        ],
        "object_id": "BigBlackLeha",
        "object_repr": "BigBlackLeha",
        "action_flag": 3,
        "change_message": ""
    }
},
{
    "model": "admin.logentry",
    "pk": 145,
    "fields": {
        "action_time": "2024-09-28T13:49:26.159Z",
        "user": [
            "dilozy"
        ],
        "content_type": [
            "pro_players",
            "team"
        ],
        "object_id": "Apeks",
        "object_repr": "Apeks",
        "action_flag": 3,
        "change_message": ""
    }
},
{
    "model": "admin.logentry",
    "pk": 146,
    "fields": {
        "action_time": "2024-09-28T13:50:34.115Z",
        "user": [
            "dilozy"
        ],
        "content_type": [
            "pro_players",
            "team"
        ],
        "object_id": "BigBlackLeha",
        "object_repr": "BigBlackLeha",
        "action_flag": 3,
        "change_message": ""
    }
},
{
    "model": "admin.logentry",
    "pk": 147,
    "fields": {
        "action_time": "2024-09-28T13:50:36.383Z",
        "user": [
            "dilozy"
        ],
        "content_type": [
            "pro_players",
            "team"
        ],
        "object_id": "Apeks",
        "object_repr": "Apeks",
        "action_flag": 3,
        "change_message": ""
    }
},
{
    "model": "admin.logentry",
    "pk": 148,
    "fields": {
        "action_time": "2024-09-28T13:51:38.191Z",
        "user": [
            "dilozy"
        ],
        "content_type": [
            "pro_players",
            "team"
        ],
        "object_id": "Apeks",
        "object_repr": "Apeks",
        "action_flag": 3,
        "change_message": ""
    }
},
{
    "model": "admin.logentry",
    "pk": 149,
    "fields": {
        "action_time": "2024-09-28T13:53:17.420Z",
        "user": [
            "dilozy"
        ],
        "content_type": [
            "pro_players",
            "team"
        ],
        "object_id": "Apeks",
        "object_repr": "Apeks",
        "action_flag": 3,
        "change_message": ""
    }
},
{
    "model": "admin.logentry",
    "pk": 150,
    "fields": {
        "action_time": "2024-09-28T13:53:51.906Z",
        "user": [
            "dilozy"
        ],
        "content_type": [
            "pro_players",
            "team"
        ],
        "object_id": "Apeks",
        "object_repr": "Apeks",
        "action_flag": 3,
        "change_message": ""
    }
},
{
    "model": "admin.logentry",
    "pk": 151,
    "fields": {
        "action_time": "2024-09-28T13:54:01.389Z",
        "user": [
            "dilozy"
        ],
        "content_type": [
            "pro_players",
            "team"
        ],
        "object_id": "Apeks",
        "object_repr": "Apeks",
        "action_flag": 3,
        "change_message": ""
    }
},
{
    "model": "admin.logentry",
    "pk": 152,
    "fields": {
        "action_time": "2024-09-28T13:55:01.254Z",
        "user": [
            "dilozy"
        ],
        "content_type": [
            "pro_players",
            "team"
        ],
        "object_id": "Apeks",
        "object_repr": "Apeks",
        "action_flag": 3,
        "change_message": ""
    }
},
{
    "model": "admin.logentry",
    "pk": 153,
    "fields": {
        "action_time": "2024-09-28T13:58:29.520Z",
        "user": [
            "dilozy"
        ],
        "content_type": [
            "pro_players",
            "team"
        ],
        "object_id": "Apeks",
        "object_repr": "Apeks",
        "action_flag": 3,
        "change_message": ""
    }
},
{
    "model": "admin.logentry",
    "pk": 154,
    "fields": {
        "action_time": "2024-09-28T13:58:50.771Z",
        "user": [
            "dilozy"
        ],
        "content_type": [
            "pro_players",
            "team"
        ],
        "object_id": "Apeks",
        "object_repr": "Apeks",
        "action_flag": 3,
        "change_message": ""
    }
},
{
    "model": "admin.logentry",
    "pk": 155,
    "fields": {
        "action_time": "2024-09-28T13:59:42.514Z",
        "user": [
            "dilozy"
        ],
        "content_type": [
            "pro_players",
            "team"
        ],
        "object_id": "Apeks",
        "object_repr": "Apeks",
        "action_flag": 3,
        "change_message": ""
    }
},
{
    "model": "admin.logentry",
    "pk": 156,
    "fields": {
        "action_time": "2024-09-28T14:01:08.765Z",
        "user": [
            "dilozy"
        ],
        "content_type": [
            "pro_players",
            "team"
        ],
        "object_id": "Apeks",
        "object_repr": "Apeks",
        "action_flag": 3,
        "change_message": ""
    }
},
{
    "model": "admin.logentry",
    "pk": 157,
    "fields": {
        "action_time": "2024-09-28T14:04:58.746Z",
        "user": [
            "dilozy"
        ],
        "content_type": [
            "pro_players",
            "team"
        ],
        "object_id": "Apeks",
        "object_repr": "Apeks",
        "action_flag": 3,
        "change_message": ""
    }
},
{
    "model": "admin.logentry",
    "pk": 158,
    "fields": {
        "action_time": "2024-10-14T12:32:40.170Z",
        "user": [
            "dilozy"
        ],
        "content_type": [
            "account",
            "profile"
        ],
        "object_id": "1",
        "object_repr": "dilozy",
        "action_flag": 1,
        "change_message": "[{\"added\": {}}]"
    }
},
{
    "model": "admin.logentry",
    "pk": 159,
    "fields": {
        "action_time": "2024-10-14T12:32:50.146Z",
        "user": [
            "dilozy"
        ],
        "content_type": [
            "auth",
            "user"
        ],
        "object_id": "2",
        "object_repr": "test",
        "action_flag": 3,
        "change_message": ""
    }
},
{
    "model": "admin.logentry",
    "pk": 160,
    "fields": {
        "action_time": "2024-10-14T12:32:52.830Z",
        "user": [
            "dilozy"
        ],
        "content_type": [
            "auth",
            "user"
        ],
        "object_id": "3",
        "object_repr": "test2",
        "action_flag": 3,
        "change_message": ""
    }
},
{
    "model": "admin.logentry",
    "pk": 161,
    "fields": {
        "action_time": "2024-10-14T12:32:55.204Z",
        "user": [
            "dilozy"
        ],
        "content_type": [
            "auth",
            "user"
        ],
        "object_id": "4",
        "object_repr": "test3",
        "action_flag": 3,
        "change_message": ""
    }
},
{
    "model": "admin.logentry",
    "pk": 162,
    "fields": {
        "action_time": "2024-10-15T16:27:26.530Z",
        "user": [
            "dilozy"
        ],
        "content_type": [
            "account",
            "profile"
        ],
        "object_id": "1",
        "object_repr": "dilozy",
        "action_flag": 2,
        "change_message": "[{\"changed\": {\"fields\": [\"Profile picture\"]}}]"
    }
},
{
    "model": "admin.logentry",
    "pk": 163,
    "fields": {
        "action_time": "2024-10-15T16:27:42.895Z",
        "user": [
            "dilozy"
        ],
        "content_type": [
            "account",
            "profile"
        ],
        "object_id": "1",
        "object_repr": "dilozy",
        "action_flag": 2,
        "change_message": "[{\"changed\": {\"fields\": [\"Profile picture\"]}}]"
    }
},
{
    "model": "admin.logentry",
    "pk": 164,
    "fields": {
        "action_time": "2024-10-15T16:28:39.626Z",
        "user": [
            "dilozy"
        ],
        "content_type": [
            "account",
            "profile"
        ],
        "object_id": "1",
        "object_repr": "dilozy",
        "action_flag": 2,
        "change_message": "[{\"changed\": {\"fields\": [\"Profile picture\"]}}]"
    }
},
{
    "model": "admin.logentry",
    "pk": 165,
    "fields": {
        "action_time": "2024-10-15T19:08:53.374Z",
        "user": [
            "dilozy"
        ],
        "content_type": [
            "social_django",
            "usersocialauth"
        ],
        "object_id": "1",
        "object_repr": "dilozyebccefd0761d47f1",
        "action_flag": 3,
        "change_message": ""
    }
},
{
    "model": "admin.logentry",
    "pk": 166,
    "fields": {
        "action_time": "2024-10-15T19:09:06.166Z",
        "user": [
            "dilozy"
        ],
        "content_type": [
            "auth",
            "user"
        ],
        "object_id": "6",
        "object_repr": "dilozyebccefd0761d47f1",
        "action_flag": 3,
        "change_message": ""
    }
},
{
    "model": "admin.logentry",
    "pk": 167,
    "fields": {
        "action_time": "2024-10-15T19:19:05.519Z",
        "user": [
            "dilozy"
        ],
        "content_type": [
            "auth",
            "user"
        ],
        "object_id": "7",
        "object_repr": "dilozya92c5ddd8d78451e",
        "action_flag": 3,
        "change_message": ""
    }
},
{
    "model": "admin.logentry",
    "pk": 168,
    "fields": {
        "action_time": "2024-10-15T19:22:14.940Z",
        "user": [
            "dilozy"
        ],
        "content_type": [
            "social_django",
            "usersocialauth"
        ],
        "object_id": "3",
        "object_repr": "dilozy28e01ed0239d4855",
        "action_flag": 3,
        "change_message": ""
    }
},
{
    "model": "admin.logentry",
    "pk": 169,
    "fields": {
        "action_time": "2024-10-15T19:22:22.271Z",
        "user": [
            "dilozy"
        ],
        "content_type": [
            "account",
            "profile"
        ],
        "object_id": "5",
        "object_repr": "dilozy28e01ed0239d4855",
        "action_flag": 3,
        "change_message": ""
    }
},
{
    "model": "admin.logentry",
    "pk": 170,
    "fields": {
        "action_time": "2024-10-15T19:22:28.230Z",
        "user": [
            "dilozy"
        ],
        "content_type": [
            "auth",
            "user"
        ],
        "object_id": "8",
        "object_repr": "dilozy28e01ed0239d4855",
        "action_flag": 3,
        "change_message": ""
    }
},
{
    "model": "admin.logentry",
    "pk": 171,
    "fields": {
        "action_time": "2024-10-23T09:32:31.035Z",
        "user": [
            "dilozy"
        ],
        "content_type": [
            "pro_players",
            "player"
        ],
        "object_id": "77",
        "object_repr": "ttttt",
        "action_flag": 3,
        "change_message": ""
    }
},
{
    "model": "admin.logentry",
    "pk": 172,
    "fields": {
        "action_time": "2024-10-23T09:32:33.483Z",
        "user": [
            "dilozy"
        ],
        "content_type": [
            "pro_players",
            "player"
        ],
        "object_id": "76",
        "object_repr": "wwwww",
        "action_flag": 3,
        "change_message": ""
    }
},
{
    "model": "admin.logentry",
    "pk": 173,
    "fields": {
        "action_time": "2024-10-23T09:32:35.621Z",
        "user": [
            "dilozy"
        ],
        "content_type": [
            "pro_players",
            "player"
        ],
        "object_id": "75",
        "object_repr": "fefefef",
        "action_flag": 3,
        "change_message": ""
    }
},
{
    "model": "admin.logentry",
    "pk": 174,
    "fields": {
        "action_time": "2024-10-23T09:32:37.675Z",
        "user": [
            "dilozy"
        ],
        "content_type": [
            "pro_players",
            "player"
        ],
        "object_id": "74",
        "object_repr": "www",
        "action_flag": 3,
        "change_message": ""
    }
},
{
    "model": "admin.logentry",
    "pk": 175,
    "fields": {
        "action_time": "2024-10-23T09:32:40.357Z",
        "user": [
            "dilozy"
        ],
        "content_type": [
            "pro_players",
            "player"
        ],
        "object_id": "73",
        "object_repr": "dfgdfg",
        "action_flag": 3,
        "change_message": ""
    }
},
{
    "model": "admin.logentry",
    "pk": 176,
    "fields": {
        "action_time": "2024-10-23T09:32:42.504Z",
        "user": [
            "dilozy"
        ],
        "content_type": [
            "pro_players",
            "player"
        ],
        "object_id": "72",
        "object_repr": "sdfsdf",
        "action_flag": 3,
        "change_message": ""
    }
},
{
    "model": "admin.logentry",
    "pk": 177,
    "fields": {
        "action_time": "2024-10-23T10:45:02.607Z",
        "user": [
            "dilozy"
        ],
        "content_type": [
            "pro_players",
            "category"
        ],
        "object_id": "1",
        "object_repr": "Teams",
        "action_flag": 1,
        "change_message": "[{\"added\": {}}]"
    }
},
{
    "model": "admin.logentry",
    "pk": 178,
    "fields": {
        "action_time": "2024-10-23T10:45:12.154Z",
        "user": [
            "dilozy"
        ],
        "content_type": [
            "pro_players",
            "category"
        ],
        "object_id": "2",
        "object_repr": "Players",
        "action_flag": 1,
        "change_message": "[{\"added\": {}}]"
    }
},
{
    "model": "admin.logentry",
    "pk": 179,
    "fields": {
        "action_time": "2024-10-23T10:45:14.457Z",
        "user": [
            "dilozy"
        ],
        "content_type": [
            "pro_players",
            "category"
        ],
        "object_id": "1",
        "object_repr": "Teams",
        "action_flag": 2,
        "change_message": "[]"
    }
},
{
    "model": "admin.logentry",
    "pk": 180,
    "fields": {
        "action_time": "2024-10-23T10:45:20.082Z",
        "user": [
            "dilozy"
        ],
        "content_type": [
            "pro_players",
            "team"
        ],
        "object_id": "Team Vitality",
        "object_repr": "Team Vitality",
        "action_flag": 2,
        "change_message": "[{\"changed\": {\"fields\": [\"Category\"]}}]"
    }
},
{
    "model": "admin.logentry",
    "pk": 181,
    "fields": {
        "action_time": "2024-10-23T10:45:25.631Z",
        "user": [
            "dilozy"
        ],
        "content_type": [
            "pro_players",
            "team"
        ],
        "object_id": "Team Heretics",
        "object_repr": "Team Heretics",
        "action_flag": 2,
        "change_message": "[{\"changed\": {\"fields\": [\"Category\"]}}]"
    }
},
{
    "model": "admin.logentry",
    "pk": 182,
    "fields": {
        "action_time": "2024-10-23T10:45:29.419Z",
        "user": [
            "dilozy"
        ],
        "content_type": [
            "pro_players",
            "team"
        ],
        "object_id": "Natus Vincere",
        "object_repr": "Natus Vincere",
        "action_flag": 2,
        "change_message": "[{\"changed\": {\"fields\": [\"Category\"]}}]"
    }
},
{
    "model": "admin.logentry",
    "pk": 183,
    "fields": {
        "action_time": "2024-10-23T10:45:32.701Z",
        "user": [
            "dilozy"
        ],
        "content_type": [
            "pro_players",
            "team"
        ],
        "object_id": "Liquid",
        "object_repr": "Liquid",
        "action_flag": 2,
        "change_message": "[{\"changed\": {\"fields\": [\"Category\"]}}]"
    }
},
{
    "model": "admin.logentry",
    "pk": 184,
    "fields": {
        "action_time": "2024-10-23T10:45:35.773Z",
        "user": [
            "dilozy"
        ],
        "content_type": [
            "pro_players",
            "team"
        ],
        "object_id": "Karmine Corp",
        "object_repr": "Karmine Corp",
        "action_flag": 2,
        "change_message": "[{\"changed\": {\"fields\": [\"Category\"]}}]"
    }
},
{
    "model": "admin.logentry",
    "pk": 185,
    "fields": {
        "action_time": "2024-10-23T10:46:31.532Z",
        "user": [
            "dilozy"
        ],
        "content_type": [
            "pro_players",
            "team"
        ],
        "object_id": "KOI",
        "object_repr": "KOI",
        "action_flag": 2,
        "change_message": "[{\"changed\": {\"fields\": [\"Category\"]}}]"
    }
},
{
    "model": "admin.logentry",
    "pk": 186,
    "fields": {
        "action_time": "2024-10-23T10:46:33.691Z",
        "user": [
            "dilozy"
        ],
        "content_type": [
            "pro_players",
            "team"
        ],
        "object_id": "Gentle Mates",
        "object_repr": "Gentle Mates",
        "action_flag": 2,
        "change_message": "[{\"changed\": {\"fields\": [\"Category\"]}}]"
    }
},
{
    "model": "admin.logentry",
    "pk": 187,
    "fields": {
        "action_time": "2024-10-23T10:46:36.015Z",
        "user": [
            "dilozy"
        ],
        "content_type": [
            "pro_players",
            "team"
        ],
        "object_id": "Fnatic",
        "object_repr": "Fnatic",
        "action_flag": 2,
        "change_message": "[{\"changed\": {\"fields\": [\"Category\"]}}]"
    }
},
{
    "model": "admin.logentry",
    "pk": 188,
    "fields": {
        "action_time": "2024-10-23T10:46:37.945Z",
        "user": [
            "dilozy"
        ],
        "content_type": [
            "pro_players",
            "team"
        ],
        "object_id": "FUT Esports",
        "object_repr": "FUT Esports",
        "action_flag": 2,
        "change_message": "[{\"changed\": {\"fields\": [\"Category\"]}}]"
    }
},
{
    "model": "admin.logentry",
    "pk": 189,
    "fields": {
        "action_time": "2024-10-23T10:46:39.724Z",
        "user": [
            "dilozy"
        ],
        "content_type": [
            "pro_players",
            "team"
        ],
        "object_id": "FUT Esports",
        "object_repr": "FUT Esports",
        "action_flag": 2,
        "change_message": "[]"
    }
},
{
    "model": "admin.logentry",
    "pk": 190,
    "fields": {
        "action_time": "2024-10-23T10:46:41.714Z",
        "user": [
            "dilozy"
        ],
        "content_type": [
            "pro_players",
            "team"
        ],
        "object_id": "BBL",
        "object_repr": "BBL",
        "action_flag": 2,
        "change_message": "[{\"changed\": {\"fields\": [\"Category\"]}}]"
    }
},
{
    "model": "admin.logentry",
    "pk": 191,
    "fields": {
        "action_time": "2024-10-23T10:46:44.134Z",
        "user": [
            "dilozy"
        ],
        "content_type": [
            "pro_players",
            "team"
        ],
        "object_id": "Apeks",
        "object_repr": "Apeks",
        "action_flag": 2,
        "change_message": "[{\"changed\": {\"fields\": [\"Category\"]}}]"
    }
},
{
    "model": "admin.logentry",
    "pk": 192,
    "fields": {
        "action_time": "2024-10-23T10:46:46.134Z",
        "user": [
            "dilozy"
        ],
        "content_type": [
            "pro_players",
            "team"
        ],
        "object_id": "Team Vitality",
        "object_repr": "Team Vitality",
        "action_flag": 2,
        "change_message": "[]"
    }
},
{
    "model": "admin.logentry",
    "pk": 193,
    "fields": {
        "action_time": "2024-10-23T10:46:47.414Z",
        "user": [
            "dilozy"
        ],
        "content_type": [
            "pro_players",
            "team"
        ],
        "object_id": "Team Heretics",
        "object_repr": "Team Heretics",
        "action_flag": 2,
        "change_message": "[]"
    }
},
{
    "model": "admin.logentry",
    "pk": 194,
    "fields": {
        "action_time": "2024-10-23T10:46:48.488Z",
        "user": [
            "dilozy"
        ],
        "content_type": [
            "pro_players",
            "team"
        ],
        "object_id": "Natus Vincere",
        "object_repr": "Natus Vincere",
        "action_flag": 2,
        "change_message": "[]"
    }
},
{
    "model": "admin.logentry",
    "pk": 195,
    "fields": {
        "action_time": "2024-10-23T10:46:49.558Z",
        "user": [
            "dilozy"
        ],
        "content_type": [
            "pro_players",
            "team"
        ],
        "object_id": "Liquid",
        "object_repr": "Liquid",
        "action_flag": 2,
        "change_message": "[]"
    }
},
{
    "model": "admin.logentry",
    "pk": 196,
    "fields": {
        "action_time": "2024-10-23T10:46:50.770Z",
        "user": [
            "dilozy"
        ],
        "content_type": [
            "pro_players",
            "team"
        ],
        "object_id": "Karmine Corp",
        "object_repr": "Karmine Corp",
        "action_flag": 2,
        "change_message": "[]"
    }
},
{
    "model": "admin.logentry",
    "pk": 197,
    "fields": {
        "action_time": "2024-10-23T10:46:52.465Z",
        "user": [
            "dilozy"
        ],
        "content_type": [
            "pro_players",
            "team"
        ],
        "object_id": "KOI",
        "object_repr": "KOI",
        "action_flag": 2,
        "change_message": "[]"
    }
},
{
    "model": "admin.logentry",
    "pk": 198,
    "fields": {
        "action_time": "2024-10-23T10:46:53.561Z",
        "user": [
            "dilozy"
        ],
        "content_type": [
            "pro_players",
            "team"
        ],
        "object_id": "Gentle Mates",
        "object_repr": "Gentle Mates",
        "action_flag": 2,
        "change_message": "[]"
    }
},
{
    "model": "admin.logentry",
    "pk": 199,
    "fields": {
        "action_time": "2024-10-23T10:46:55.547Z",
        "user": [
            "dilozy"
        ],
        "content_type": [
            "pro_players",
            "team"
        ],
        "object_id": "Gentle Mates",
        "object_repr": "Gentle Mates",
        "action_flag": 2,
        "change_message": "[]"
    }
},
{
    "model": "admin.logentry",
    "pk": 200,
    "fields": {
        "action_time": "2024-10-23T10:46:58.310Z",
        "user": [
            "dilozy"
        ],
        "content_type": [
            "pro_players",
            "team"
        ],
        "object_id": "GIANTX",
        "object_repr": "GIANTX",
        "action_flag": 2,
        "change_message": "[{\"changed\": {\"fields\": [\"Category\"]}}]"
    }
},
{
    "model": "admin.logentry",
    "pk": 201,
    "fields": {
        "action_time": "2024-10-23T11:03:22.274Z",
        "user": [
            "dilozy"
        ],
        "content_type": [
            "pro_players",
            "category"
        ],
        "object_id": "1",
        "object_repr": "Teams",
        "action_flag": 2,
        "change_message": "[]"
    }
},
{
    "model": "admin.logentry",
    "pk": 202,
    "fields": {
        "action_time": "2024-10-23T11:07:31.212Z",
        "user": [
            "dilozy"
        ],
        "content_type": [
            "pro_players",
            "player"
        ],
        "object_id": "71",
        "object_repr": "OXY",
        "action_flag": 2,
        "change_message": "[{\"changed\": {\"fields\": [\"Category\"]}}]"
    }
},
{
    "model": "admin.logentry",
    "pk": 203,
    "fields": {
        "action_time": "2024-10-23T11:07:39.669Z",
        "user": [
            "dilozy"
        ],
        "content_type": [
            "pro_players",
            "player"
        ],
        "object_id": "70",
        "object_repr": "Xeppaa",
        "action_flag": 2,
        "change_message": "[{\"changed\": {\"fields\": [\"Category\"]}}]"
    }
},
{
    "model": "admin.logentry",
    "pk": 204,
    "fields": {
        "action_time": "2024-10-23T11:07:42.314Z",
        "user": [
            "dilozy"
        ],
        "content_type": [
            "pro_players",
            "player"
        ],
        "object_id": "69",
        "object_repr": "aspas",
        "action_flag": 2,
        "change_message": "[{\"changed\": {\"fields\": [\"Category\"]}}]"
    }
},
{
    "model": "admin.logentry",
    "pk": 205,
    "fields": {
        "action_time": "2024-10-23T11:07:44.886Z",
        "user": [
            "dilozy"
        ],
        "content_type": [
            "pro_players",
            "player"
        ],
        "object_id": "68",
        "object_repr": "Demon1",
        "action_flag": 2,
        "change_message": "[{\"changed\": {\"fields\": [\"Category\"]}}]"
    }
},
{
    "model": "admin.logentry",
    "pk": 206,
    "fields": {
        "action_time": "2024-10-23T11:07:47.807Z",
        "user": [
            "dilozy"
        ],
        "content_type": [
            "pro_players",
            "player"
        ],
        "object_id": "5",
        "object_repr": "Mistic",
        "action_flag": 2,
        "change_message": "[{\"changed\": {\"fields\": [\"Category\"]}}]"
    }
},
{
    "model": "admin.logentry",
    "pk": 207,
    "fields": {
        "action_time": "2024-10-23T11:07:50.686Z",
        "user": [
            "dilozy"
        ],
        "content_type": [
            "pro_players",
            "player"
        ],
        "object_id": "3",
        "object_repr": "Enzo",
        "action_flag": 2,
        "change_message": "[{\"changed\": {\"fields\": [\"Category\"]}}]"
    }
},
{
    "model": "admin.logentry",
    "pk": 208,
    "fields": {
        "action_time": "2024-10-23T11:07:53.682Z",
        "user": [
            "dilozy"
        ],
        "content_type": [
            "pro_players",
            "player"
        ],
        "object_id": "66",
        "object_repr": "soulcas",
        "action_flag": 2,
        "change_message": "[{\"changed\": {\"fields\": [\"Category\"]}}]"
    }
},
{
    "model": "admin.logentry",
    "pk": 209,
    "fields": {
        "action_time": "2024-10-23T11:07:57.204Z",
        "user": [
            "dilozy"
        ],
        "content_type": [
            "pro_players",
            "player"
        ],
        "object_id": "64",
        "object_repr": "MOLSI",
        "action_flag": 2,
        "change_message": "[{\"changed\": {\"fields\": [\"Category\"]}}]"
    }
},
{
    "model": "admin.logentry",
    "pk": 210,
    "fields": {
        "action_time": "2024-10-23T11:08:00.115Z",
        "user": [
            "dilozy"
        ],
        "content_type": [
            "pro_players",
            "player"
        ],
        "object_id": "63",
        "object_repr": "hype",
        "action_flag": 2,
        "change_message": "[{\"changed\": {\"fields\": [\"Category\"]}}]"
    }
},
{
    "model": "admin.logentry",
    "pk": 211,
    "fields": {
        "action_time": "2024-10-23T11:09:07.021Z",
        "user": [
            "dilozy"
        ],
        "content_type": [
            "pro_players",
            "player"
        ],
        "object_id": "66",
        "object_repr": "soulcas",
        "action_flag": 2,
        "change_message": "[]"
    }
},
{
    "model": "admin.logentry",
    "pk": 212,
    "fields": {
        "action_time": "2024-10-23T11:09:09.079Z",
        "user": [
            "dilozy"
        ],
        "content_type": [
            "pro_players",
            "player"
        ],
        "object_id": "64",
        "object_repr": "MOLSI",
        "action_flag": 2,
        "change_message": "[]"
    }
},
{
    "model": "admin.logentry",
    "pk": 213,
    "fields": {
        "action_time": "2024-10-23T11:09:10.568Z",
        "user": [
            "dilozy"
        ],
        "content_type": [
            "pro_players",
            "player"
        ],
        "object_id": "63",
        "object_repr": "hype",
        "action_flag": 2,
        "change_message": "[]"
    }
},
{
    "model": "admin.logentry",
    "pk": 214,
    "fields": {
        "action_time": "2024-10-23T11:09:13.617Z",
        "user": [
            "dilozy"
        ],
        "content_type": [
            "pro_players",
            "player"
        ],
        "object_id": "62",
        "object_repr": "AvovA",
        "action_flag": 2,
        "change_message": "[{\"changed\": {\"fields\": [\"Category\"]}}]"
    }
},
{
    "model": "admin.logentry",
    "pk": 215,
    "fields": {
        "action_time": "2024-10-23T11:09:16.676Z",
        "user": [
            "dilozy"
        ],
        "content_type": [
            "pro_players",
            "player"
        ],
        "object_id": "61",
        "object_repr": "kaajak",
        "action_flag": 2,
        "change_message": "[{\"changed\": {\"fields\": [\"Category\"]}}]"
    }
},
{
    "model": "admin.logentry",
    "pk": 216,
    "fields": {
        "action_time": "2024-10-23T11:09:19.675Z",
        "user": [
            "dilozy"
        ],
        "content_type": [
            "pro_players",
            "player"
        ],
        "object_id": "56",
        "object_repr": "ShadoW",
        "action_flag": 2,
        "change_message": "[{\"changed\": {\"fields\": [\"Category\"]}}]"
    }
},
{
    "model": "admin.logentry",
    "pk": 217,
    "fields": {
        "action_time": "2024-10-23T11:09:22.488Z",
        "user": [
            "dilozy"
        ],
        "content_type": [
            "pro_players",
            "player"
        ],
        "object_id": "55",
        "object_repr": "kamo",
        "action_flag": 2,
        "change_message": "[{\"changed\": {\"fields\": [\"Category\"]}}]"
    }
},
{
    "model": "admin.logentry",
    "pk": 218,
    "fields": {
        "action_time": "2024-10-23T11:09:25.282Z",
        "user": [
            "dilozy"
        ],
        "content_type": [
            "pro_players",
            "player"
        ],
        "object_id": "54",
        "object_repr": "GRUBINHO",
        "action_flag": 2,
        "change_message": "[{\"changed\": {\"fields\": [\"Category\"]}}]"
    }
},
{
    "model": "admin.logentry",
    "pk": 219,
    "fields": {
        "action_time": "2024-10-23T11:09:29.059Z",
        "user": [
            "dilozy"
        ],
        "content_type": [
            "pro_players",
            "player"
        ],
        "object_id": "53",
        "object_repr": "starxo",
        "action_flag": 2,
        "change_message": "[{\"changed\": {\"fields\": [\"Category\"]}}]"
    }
},
{
    "model": "admin.logentry",
    "pk": 220,
    "fields": {
        "action_time": "2024-10-23T11:09:32.784Z",
        "user": [
            "dilozy"
        ],
        "content_type": [
            "pro_players",
            "player"
        ],
        "object_id": "52",
        "object_repr": "Sheydos",
        "action_flag": 2,
        "change_message": "[{\"changed\": {\"fields\": [\"Category\"]}}]"
    }
},
{
    "model": "admin.logentry",
    "pk": 221,
    "fields": {
        "action_time": "2024-10-23T11:09:35.596Z",
        "user": [
            "dilozy"
        ],
        "content_type": [
            "pro_players",
            "player"
        ],
        "object_id": "51",
        "object_repr": "Famsii",
        "action_flag": 2,
        "change_message": "[{\"changed\": {\"fields\": [\"Category\"]}}]"
    }
},
{
    "model": "admin.logentry",
    "pk": 222,
    "fields": {
        "action_time": "2024-10-23T11:09:40.180Z",
        "user": [
            "dilozy"
        ],
        "content_type": [
            "pro_players",
            "player"
        ],
        "object_id": "50",
        "object_repr": "purp0",
        "action_flag": 2,
        "change_message": "[{\"changed\": {\"fields\": [\"Category\"]}}]"
    }
},
{
    "model": "admin.logentry",
    "pk": 223,
    "fields": {
        "action_time": "2024-10-23T11:09:43.249Z",
        "user": [
            "dilozy"
        ],
        "content_type": [
            "pro_players",
            "player"
        ],
        "object_id": "49",
        "object_repr": "Fit1nho",
        "action_flag": 2,
        "change_message": "[{\"changed\": {\"fields\": [\"Category\"]}}]"
    }
},
{
    "model": "admin.logentry",
    "pk": 224,
    "fields": {
        "action_time": "2024-10-23T11:09:48.402Z",
        "user": [
            "dilozy"
        ],
        "content_type": [
            "pro_players",
            "player"
        ],
        "object_id": "48",
        "object_repr": "hoody",
        "action_flag": 2,
        "change_message": "[{\"changed\": {\"fields\": [\"Category\"]}}]"
    }
},
{
    "model": "admin.logentry",
    "pk": 225,
    "fields": {
        "action_time": "2024-10-23T11:09:52.223Z",
        "user": [
            "dilozy"
        ],
        "content_type": [
            "pro_players",
            "player"
        ],
        "object_id": "48",
        "object_repr": "hoody",
        "action_flag": 2,
        "change_message": "[]"
    }
},
{
    "model": "admin.logentry",
    "pk": 226,
    "fields": {
        "action_time": "2024-10-23T11:09:56.068Z",
        "user": [
            "dilozy"
        ],
        "content_type": [
            "pro_players",
            "player"
        ],
        "object_id": "47",
        "object_repr": "Cloud",
        "action_flag": 2,
        "change_message": "[{\"changed\": {\"fields\": [\"Category\"]}}]"
    }
},
{
    "model": "admin.logentry",
    "pk": 227,
    "fields": {
        "action_time": "2024-10-23T11:10:01.824Z",
        "user": [
            "dilozy"
        ],
        "content_type": [
            "pro_players",
            "player"
        ],
        "object_id": "46",
        "object_repr": "trexx",
        "action_flag": 2,
        "change_message": "[{\"changed\": {\"fields\": [\"Category\"]}}]"
    }
},
{
    "model": "admin.logentry",
    "pk": 228,
    "fields": {
        "action_time": "2024-10-23T11:10:06.911Z",
        "user": [
            "dilozy"
        ],
        "content_type": [
            "pro_players",
            "player"
        ],
        "object_id": "1",
        "object_repr": "nAts",
        "action_flag": 2,
        "change_message": "[{\"changed\": {\"fields\": [\"Category\"]}}]"
    }
},
{
    "model": "admin.logentry",
    "pk": 229,
    "fields": {
        "action_time": "2024-10-23T11:10:10.244Z",
        "user": [
            "dilozy"
        ],
        "content_type": [
            "pro_players",
            "player"
        ],
        "object_id": "2",
        "object_repr": "Jamppi",
        "action_flag": 2,
        "change_message": "[{\"changed\": {\"fields\": [\"Category\"]}}]"
    }
},
{
    "model": "admin.logentry",
    "pk": 230,
    "fields": {
        "action_time": "2024-10-23T11:10:13.324Z",
        "user": [
            "dilozy"
        ],
        "content_type": [
            "pro_players",
            "player"
        ],
        "object_id": "4",
        "object_repr": "Keiko",
        "action_flag": 2,
        "change_message": "[{\"changed\": {\"fields\": [\"Category\"]}}]"
    }
},
{
    "model": "admin.logentry",
    "pk": 231,
    "fields": {
        "action_time": "2024-10-23T11:10:16.337Z",
        "user": [
            "dilozy"
        ],
        "content_type": [
            "pro_players",
            "player"
        ],
        "object_id": "6",
        "object_repr": "QutionerX",
        "action_flag": 2,
        "change_message": "[{\"changed\": {\"fields\": [\"Category\"]}}]"
    }
},
{
    "model": "admin.logentry",
    "pk": 232,
    "fields": {
        "action_time": "2024-10-23T11:10:18.919Z",
        "user": [
            "dilozy"
        ],
        "content_type": [
            "pro_players",
            "player"
        ],
        "object_id": "7",
        "object_repr": "Brave",
        "action_flag": 2,
        "change_message": "[{\"changed\": {\"fields\": [\"Category\"]}}]"
    }
},
{
    "model": "admin.logentry",
    "pk": 233,
    "fields": {
        "action_time": "2024-10-23T11:10:22.129Z",
        "user": [
            "dilozy"
        ],
        "content_type": [
            "pro_players",
            "player"
        ],
        "object_id": "8",
        "object_repr": "Elite",
        "action_flag": 2,
        "change_message": "[{\"changed\": {\"fields\": [\"Category\"]}}]"
    }
},
{
    "model": "admin.logentry",
    "pk": 234,
    "fields": {
        "action_time": "2024-10-23T11:10:25.969Z",
        "user": [
            "dilozy"
        ],
        "content_type": [
            "pro_players",
            "player"
        ],
        "object_id": "9",
        "object_repr": "pAura",
        "action_flag": 2,
        "change_message": "[{\"changed\": {\"fields\": [\"Category\"]}}]"
    }
},
{
    "model": "admin.logentry",
    "pk": 235,
    "fields": {
        "action_time": "2024-10-23T11:10:29.277Z",
        "user": [
            "dilozy"
        ],
        "content_type": [
            "pro_players",
            "player"
        ],
        "object_id": "10",
        "object_repr": "reazy",
        "action_flag": 2,
        "change_message": "[{\"changed\": {\"fields\": [\"Category\"]}}]"
    }
},
{
    "model": "admin.logentry",
    "pk": 236,
    "fields": {
        "action_time": "2024-10-23T11:10:32.272Z",
        "user": [
            "dilozy"
        ],
        "content_type": [
            "pro_players",
            "player"
        ],
        "object_id": "11",
        "object_repr": "Boaster",
        "action_flag": 2,
        "change_message": "[{\"changed\": {\"fields\": [\"Category\"]}}]"
    }
},
{
    "model": "admin.logentry",
    "pk": 237,
    "fields": {
        "action_time": "2024-10-23T11:10:35.426Z",
        "user": [
            "dilozy"
        ],
        "content_type": [
            "pro_players",
            "player"
        ],
        "object_id": "12",
        "object_repr": "Derke",
        "action_flag": 2,
        "change_message": "[{\"changed\": {\"fields\": [\"Category\"]}}]"
    }
},
{
    "model": "admin.logentry",
    "pk": 238,
    "fields": {
        "action_time": "2024-10-23T11:10:38.483Z",
        "user": [
            "dilozy"
        ],
        "content_type": [
            "pro_players",
            "player"
        ],
        "object_id": "13",
        "object_repr": "Alfajer",
        "action_flag": 2,
        "change_message": "[{\"changed\": {\"fields\": [\"Category\"]}}]"
    }
},
{
    "model": "admin.logentry",
    "pk": 239,
    "fields": {
        "action_time": "2024-10-23T11:10:41.972Z",
        "user": [
            "dilozy"
        ],
        "content_type": [
            "pro_players",
            "player"
        ],
        "object_id": "14",
        "object_repr": "Chronicle",
        "action_flag": 2,
        "change_message": "[{\"changed\": {\"fields\": [\"Category\"]}}]"
    }
},
{
    "model": "admin.logentry",
    "pk": 240,
    "fields": {
        "action_time": "2024-10-23T11:10:45.016Z",
        "user": [
            "dilozy"
        ],
        "content_type": [
            "pro_players",
            "player"
        ],
        "object_id": "15",
        "object_repr": "hiro",
        "action_flag": 2,
        "change_message": "[{\"changed\": {\"fields\": [\"Category\"]}}]"
    }
},
{
    "model": "admin.logentry",
    "pk": 241,
    "fields": {
        "action_time": "2024-10-23T11:10:48.094Z",
        "user": [
            "dilozy"
        ],
        "content_type": [
            "pro_players",
            "player"
        ],
        "object_id": "16",
        "object_repr": "Boo",
        "action_flag": 2,
        "change_message": "[{\"changed\": {\"fields\": [\"Category\"]}}]"
    }
},
{
    "model": "admin.logentry",
    "pk": 242,
    "fields": {
        "action_time": "2024-10-23T11:10:51.521Z",
        "user": [
            "dilozy"
        ],
        "content_type": [
            "pro_players",
            "player"
        ],
        "object_id": "17",
        "object_repr": "benjyfishy",
        "action_flag": 2,
        "change_message": "[{\"changed\": {\"fields\": [\"Category\"]}}]"
    }
},
{
    "model": "admin.logentry",
    "pk": 243,
    "fields": {
        "action_time": "2024-10-23T11:10:55.183Z",
        "user": [
            "dilozy"
        ],
        "content_type": [
            "pro_players",
            "player"
        ],
        "object_id": "18",
        "object_repr": "MiniBoo",
        "action_flag": 2,
        "change_message": "[{\"changed\": {\"fields\": [\"Category\"]}}]"
    }
},
{
    "model": "admin.logentry",
    "pk": 244,
    "fields": {
        "action_time": "2024-10-23T11:10:58.761Z",
        "user": [
            "dilozy"
        ],
        "content_type": [
            "pro_players",
            "player"
        ],
        "object_id": "19",
        "object_repr": "RieNs",
        "action_flag": 2,
        "change_message": "[{\"changed\": {\"fields\": [\"Category\"]}}]"
    }
},
{
    "model": "admin.logentry",
    "pk": 245,
    "fields": {
        "action_time": "2024-10-23T11:11:02.092Z",
        "user": [
            "dilozy"
        ],
        "content_type": [
            "pro_players",
            "player"
        ],
        "object_id": "20",
        "object_repr": "Wo0t",
        "action_flag": 2,
        "change_message": "[{\"changed\": {\"fields\": [\"Category\"]}}]"
    }
},
{
    "model": "admin.logentry",
    "pk": 246,
    "fields": {
        "action_time": "2024-10-23T11:11:05.733Z",
        "user": [
            "dilozy"
        ],
        "content_type": [
            "pro_players",
            "player"
        ],
        "object_id": "21",
        "object_repr": "MrFaliN",
        "action_flag": 2,
        "change_message": "[{\"changed\": {\"fields\": [\"Category\"]}}]"
    }
},
{
    "model": "admin.logentry",
    "pk": 247,
    "fields": {
        "action_time": "2024-10-23T11:11:09.495Z",
        "user": [
            "dilozy"
        ],
        "content_type": [
            "pro_players",
            "player"
        ],
        "object_id": "22",
        "object_repr": "qRaxs",
        "action_flag": 2,
        "change_message": "[{\"changed\": {\"fields\": [\"Category\"]}}]"
    }
},
{
    "model": "admin.logentry",
    "pk": 248,
    "fields": {
        "action_time": "2024-10-23T11:11:13.317Z",
        "user": [
            "dilozy"
        ],
        "content_type": [
            "pro_players",
            "player"
        ],
        "object_id": "23",
        "object_repr": "ATA KAPTAN",
        "action_flag": 2,
        "change_message": "[{\"changed\": {\"fields\": [\"Category\"]}}]"
    }
},
{
    "model": "admin.logentry",
    "pk": 249,
    "fields": {
        "action_time": "2024-10-23T11:11:16.476Z",
        "user": [
            "dilozy"
        ],
        "content_type": [
            "pro_players",
            "player"
        ],
        "object_id": "25",
        "object_repr": "yetujey",
        "action_flag": 2,
        "change_message": "[{\"changed\": {\"fields\": [\"Category\"]}}]"
    }
},
{
    "model": "admin.logentry",
    "pk": 250,
    "fields": {
        "action_time": "2024-10-23T11:11:19.738Z",
        "user": [
            "dilozy"
        ],
        "content_type": [
            "pro_players",
            "player"
        ],
        "object_id": "26",
        "object_repr": "cNed",
        "action_flag": 2,
        "change_message": "[{\"changed\": {\"fields\": [\"Category\"]}}]"
    }
},
{
    "model": "admin.logentry",
    "pk": 251,
    "fields": {
        "action_time": "2024-10-23T11:11:23.254Z",
        "user": [
            "dilozy"
        ],
        "content_type": [
            "pro_players",
            "player"
        ],
        "object_id": "27",
        "object_repr": "Shin",
        "action_flag": 2,
        "change_message": "[{\"changed\": {\"fields\": [\"Category\"]}}]"
    }
},
{
    "model": "admin.logentry",
    "pk": 252,
    "fields": {
        "action_time": "2024-10-23T11:11:26.276Z",
        "user": [
            "dilozy"
        ],
        "content_type": [
            "pro_players",
            "player"
        ],
        "object_id": "28",
        "object_repr": "Magnum",
        "action_flag": 2,
        "change_message": "[{\"changed\": {\"fields\": [\"Category\"]}}]"
    }
},
{
    "model": "admin.logentry",
    "pk": 253,
    "fields": {
        "action_time": "2024-10-23T11:11:30.439Z",
        "user": [
            "dilozy"
        ],
        "content_type": [
            "pro_players",
            "player"
        ],
        "object_id": "29",
        "object_repr": "marteen",
        "action_flag": 2,
        "change_message": "[{\"changed\": {\"fields\": [\"Category\"]}}]"
    }
},
{
    "model": "admin.logentry",
    "pk": 254,
    "fields": {
        "action_time": "2024-10-23T11:11:36.042Z",
        "user": [
            "dilozy"
        ],
        "content_type": [
            "pro_players",
            "player"
        ],
        "object_id": "30",
        "object_repr": "N4RRATE",
        "action_flag": 2,
        "change_message": "[{\"changed\": {\"fields\": [\"Category\"]}}]"
    }
},
{
    "model": "admin.logentry",
    "pk": 255,
    "fields": {
        "action_time": "2024-10-23T11:11:40.517Z",
        "user": [
            "dilozy"
        ],
        "content_type": [
            "pro_players",
            "player"
        ],
        "object_id": "31",
        "object_repr": "tomaszy",
        "action_flag": 2,
        "change_message": "[{\"changed\": {\"fields\": [\"Category\"]}}]"
    }
},
{
    "model": "admin.logentry",
    "pk": 256,
    "fields": {
        "action_time": "2024-10-23T11:11:45.317Z",
        "user": [
            "dilozy"
        ],
        "content_type": [
            "pro_players",
            "player"
        ],
        "object_id": "32",
        "object_repr": "ANGE1",
        "action_flag": 2,
        "change_message": "[{\"changed\": {\"fields\": [\"Category\"]}}]"
    }
},
{
    "model": "admin.logentry",
    "pk": 257,
    "fields": {
        "action_time": "2024-10-23T11:11:49.252Z",
        "user": [
            "dilozy"
        ],
        "content_type": [
            "pro_players",
            "player"
        ],
        "object_id": "33",
        "object_repr": "SUYGETSU",
        "action_flag": 2,
        "change_message": "[{\"changed\": {\"fields\": [\"Category\"]}}]"
    }
},
{
    "model": "admin.logentry",
    "pk": 258,
    "fields": {
        "action_time": "2024-10-23T11:11:54.166Z",
        "user": [
            "dilozy"
        ],
        "content_type": [
            "pro_players",
            "player"
        ],
        "object_id": "34",
        "object_repr": "Shao",
        "action_flag": 2,
        "change_message": "[{\"changed\": {\"fields\": [\"Category\"]}}]"
    }
},
{
    "model": "admin.logentry",
    "pk": 259,
    "fields": {
        "action_time": "2024-10-23T11:11:59.126Z",
        "user": [
            "dilozy"
        ],
        "content_type": [
            "pro_players",
            "player"
        ],
        "object_id": "35",
        "object_repr": "Zyppan",
        "action_flag": 2,
        "change_message": "[{\"changed\": {\"fields\": [\"Category\"]}}]"
    }
},
{
    "model": "admin.logentry",
    "pk": 260,
    "fields": {
        "action_time": "2024-10-23T11:12:04.515Z",
        "user": [
            "dilozy"
        ],
        "content_type": [
            "pro_players",
            "player"
        ],
        "object_id": "36",
        "object_repr": "ardiis",
        "action_flag": 2,
        "change_message": "[{\"changed\": {\"fields\": [\"Category\"]}}]"
    }
},
{
    "model": "admin.logentry",
    "pk": 261,
    "fields": {
        "action_time": "2024-10-23T11:12:07.939Z",
        "user": [
            "dilozy"
        ],
        "content_type": [
            "pro_players",
            "player"
        ],
        "object_id": "37",
        "object_repr": "beyAz",
        "action_flag": 2,
        "change_message": "[{\"changed\": {\"fields\": [\"Category\"]}}]"
    }
},
{
    "model": "admin.logentry",
    "pk": 262,
    "fields": {
        "action_time": "2024-10-23T11:12:12.279Z",
        "user": [
            "dilozy"
        ],
        "content_type": [
            "pro_players",
            "player"
        ],
        "object_id": "38",
        "object_repr": "nataNk",
        "action_flag": 2,
        "change_message": "[{\"changed\": {\"fields\": [\"Category\"]}}]"
    }
},
{
    "model": "admin.logentry",
    "pk": 263,
    "fields": {
        "action_time": "2024-10-23T11:12:16.706Z",
        "user": [
            "dilozy"
        ],
        "content_type": [
            "pro_players",
            "player"
        ],
        "object_id": "39",
        "object_repr": "TakaS",
        "action_flag": 2,
        "change_message": "[{\"changed\": {\"fields\": [\"Category\"]}}]"
    }
},
{
    "model": "admin.logentry",
    "pk": 264,
    "fields": {
        "action_time": "2024-10-23T11:12:21.212Z",
        "user": [
            "dilozy"
        ],
        "content_type": [
            "pro_players",
            "player"
        ],
        "object_id": "40",
        "object_repr": "Wailers",
        "action_flag": 2,
        "change_message": "[{\"changed\": {\"fields\": [\"Category\"]}}]"
    }
},
{
    "model": "admin.logentry",
    "pk": 265,
    "fields": {
        "action_time": "2024-10-23T11:12:26.091Z",
        "user": [
            "dilozy"
        ],
        "content_type": [
            "pro_players",
            "player"
        ],
        "object_id": "41",
        "object_repr": "kAdavra",
        "action_flag": 2,
        "change_message": "[{\"changed\": {\"fields\": [\"Category\"]}}]"
    }
},
{
    "model": "admin.logentry",
    "pk": 266,
    "fields": {
        "action_time": "2024-10-23T11:12:30.413Z",
        "user": [
            "dilozy"
        ],
        "content_type": [
            "pro_players",
            "player"
        ],
        "object_id": "42",
        "object_repr": "ceNder",
        "action_flag": 2,
        "change_message": "[{\"changed\": {\"fields\": [\"Category\"]}}]"
    }
},
{
    "model": "admin.logentry",
    "pk": 267,
    "fields": {
        "action_time": "2024-10-23T11:12:33.883Z",
        "user": [
            "dilozy"
        ],
        "content_type": [
            "pro_players",
            "player"
        ],
        "object_id": "43",
        "object_repr": "runneR",
        "action_flag": 2,
        "change_message": "[{\"changed\": {\"fields\": [\"Category\"]}}]"
    }
},
{
    "model": "admin.logentry",
    "pk": 268,
    "fields": {
        "action_time": "2024-10-23T11:12:37.528Z",
        "user": [
            "dilozy"
        ],
        "content_type": [
            "pro_players",
            "player"
        ],
        "object_id": "44",
        "object_repr": "Kicks",
        "action_flag": 2,
        "change_message": "[{\"changed\": {\"fields\": [\"Category\"]}}]"
    }
},
{
    "model": "admin.logentry",
    "pk": 269,
    "fields": {
        "action_time": "2024-10-23T11:12:41.220Z",
        "user": [
            "dilozy"
        ],
        "content_type": [
            "pro_players",
            "player"
        ],
        "object_id": "45",
        "object_repr": "Sayf",
        "action_flag": 2,
        "change_message": "[{\"changed\": {\"fields\": [\"Category\"]}}]"
    }
},
{
    "model": "admin.logentry",
    "pk": 270,
    "fields": {
        "action_time": "2024-10-23T11:12:43.999Z",
        "user": [
            "dilozy"
        ],
        "content_type": [
            "pro_players",
            "player"
        ],
        "object_id": "46",
        "object_repr": "trexx",
        "action_flag": 2,
        "change_message": "[]"
    }
},
{
    "model": "admin.logentry",
    "pk": 271,
    "fields": {
        "action_time": "2024-10-23T11:12:45.991Z",
        "user": [
            "dilozy"
        ],
        "content_type": [
            "pro_players",
            "player"
        ],
        "object_id": "38",
        "object_repr": "nataNk",
        "action_flag": 2,
        "change_message": "[]"
    }
},
{
    "model": "admin.logentry",
    "pk": 272,
    "fields": {
        "action_time": "2024-11-05T16:40:07.477Z",
        "user": [
            "dilozy"
        ],
        "content_type": [
            "pro_players",
            "highlight"
        ],
        "object_id": "3",
        "object_repr": "Youtube video URL with ID PtUbQsHJzUE",
        "action_flag": 1,
        "change_message": "[{\"added\": {}}]"
    }
},
{
    "model": "admin.logentry",
    "pk": 273,
    "fields": {
        "action_time": "2024-11-05T16:43:20.923Z",
        "user": [
            "dilozy"
        ],
        "content_type": [
            "pro_players",
            "highlight"
        ],
        "object_id": "1",
        "object_repr": "Youtube video URL with ID ExBFrOTlAn8",
        "action_flag": 2,
        "change_message": "[{\"changed\": {\"fields\": [\"Video title\"]}}]"
    }
},
{
    "model": "admin.logentry",
    "pk": 274,
    "fields": {
        "action_time": "2024-11-05T16:43:42.300Z",
        "user": [
            "dilozy"
        ],
        "content_type": [
            "pro_players",
            "highlight"
        ],
        "object_id": "2",
        "object_repr": "Youtube video URL with ID IqJArmqhYr4",
        "action_flag": 2,
        "change_message": "[{\"changed\": {\"fields\": [\"Video title\"]}}]"
    }
},
{
    "model": "admin.logentry",
    "pk": 275,
    "fields": {
        "action_time": "2024-11-05T16:43:55.659Z",
        "user": [
            "dilozy"
        ],
        "content_type": [
            "pro_players",
            "highlight"
        ],
        "object_id": "1",
        "object_repr": "Youtube video URL with ID ExBFrOTlAn8",
        "action_flag": 2,
        "change_message": "[]"
    }
},
{
    "model": "admin.logentry",
    "pk": 276,
    "fields": {
        "action_time": "2024-11-05T16:43:56.980Z",
        "user": [
            "dilozy"
        ],
        "content_type": [
            "pro_players",
            "highlight"
        ],
        "object_id": "2",
        "object_repr": "Youtube video URL with ID IqJArmqhYr4",
        "action_flag": 2,
        "change_message": "[]"
    }
},
{
    "model": "admin.logentry",
    "pk": 277,
    "fields": {
        "action_time": "2024-11-05T16:44:02.169Z",
        "user": [
            "dilozy"
        ],
        "content_type": [
            "pro_players",
            "highlight"
        ],
        "object_id": "3",
        "object_repr": "Youtube video URL with ID PtUbQsHJzUE",
        "action_flag": 2,
        "change_message": "[{\"changed\": {\"fields\": [\"Video title\"]}}]"
    }
},
{
    "model": "admin.logentry",
    "pk": 278,
    "fields": {
        "action_time": "2024-11-05T16:44:20.134Z",
        "user": [
            "dilozy"
        ],
        "content_type": [
            "pro_players",
            "highlight"
        ],
        "object_id": "2",
        "object_repr": "Youtube video URL with ID IqJArmqhYr4",
        "action_flag": 2,
        "change_message": "[{\"changed\": {\"fields\": [\"Video title\"]}}]"
    }
},
{
    "model": "admin.logentry",
    "pk": 279,
    "fields": {
        "action_time": "2024-11-05T17:37:49.721Z",
        "user": [
            "dilozy"
        ],
        "content_type": [
            "pro_players",
            "highlight"
        ],
        "object_id": "2",
        "object_repr": "Youtube video: 4k Ghost at Champs",
        "action_flag": 2,
        "change_message": "[{\"changed\": {\"fields\": [\"Youtube API snippet\"]}}]"
    }
},
{
    "model": "admin.logentry",
    "pk": 280,
    "fields": {
        "action_time": "2024-11-05T17:38:16.444Z",
        "user": [
            "dilozy"
        ],
        "content_type": [
            "pro_players",
            "highlight"
        ],
        "object_id": "1",
        "object_repr": "Youtube video: Double kill against NRG",
        "action_flag": 2,
        "change_message": "[]"
    }
},
{
    "model": "admin.logentry",
    "pk": 281,
    "fields": {
        "action_time": "2024-11-05T17:38:20.840Z",
        "user": [
            "dilozy"
        ],
        "content_type": [
            "pro_players",
            "highlight"
        ],
        "object_id": "2",
        "object_repr": "Youtube video: 4k Ghost at Champs",
        "action_flag": 2,
        "change_message": "[]"
    }
},
{
    "model": "admin.logentry",
    "pk": 282,
    "fields": {
        "action_time": "2024-11-05T17:38:38.049Z",
        "user": [
            "dilozy"
        ],
        "content_type": [
            "pro_players",
            "highlight"
        ],
        "object_id": "3",
        "object_repr": "Youtube video: Insane knives ACE against FURIA",
        "action_flag": 2,
        "change_message": "[{\"changed\": {\"fields\": [\"Youtube API snippet\"]}}]"
    }
},
{
    "model": "admin.logentry",
    "pk": 283,
    "fields": {
        "action_time": "2024-11-05T18:23:29.780Z",
        "user": [
            "dilozy"
        ],
        "content_type": [
            "pro_players",
            "highlight"
        ],
        "object_id": "3",
        "object_repr": "Youtube video: Insane knives ACE against FURIA",
        "action_flag": 2,
        "change_message": "[{\"changed\": {\"fields\": [\"Video url\", \"Snippet\"]}}]"
    }
},
{
    "model": "admin.logentry",
    "pk": 284,
    "fields": {
        "action_time": "2024-11-05T18:24:28.451Z",
        "user": [
            "dilozy"
        ],
        "content_type": [
            "pro_players",
            "highlight"
        ],
        "object_id": "2",
        "object_repr": "Youtube video: 4k Ghost at Champs",
        "action_flag": 2,
        "change_message": "[{\"changed\": {\"fields\": [\"Video url\", \"Snippet\"]}}]"
    }
},
{
    "model": "admin.logentry",
    "pk": 285,
    "fields": {
        "action_time": "2024-11-05T18:24:34.391Z",
        "user": [
            "dilozy"
        ],
        "content_type": [
            "pro_players",
            "highlight"
        ],
        "object_id": "4",
        "object_repr": "Youtube video: Champions Grand Final Guardian 4k",
        "action_flag": 2,
        "change_message": "[{\"changed\": {\"fields\": [\"Video title\"]}}]"
    }
},
{
    "model": "admin.logentry",
    "pk": 286,
    "fields": {
        "action_time": "2024-11-05T18:25:17.321Z",
        "user": [
            "dilozy"
        ],
        "content_type": [
            "pro_players",
            "highlight"
        ],
        "object_id": "1",
        "object_repr": "Youtube video: Double kill against NRG",
        "action_flag": 2,
        "change_message": "[{\"changed\": {\"fields\": [\"Video url\", \"Snippet\"]}}]"
    }
},
{
    "model": "admin.logentry",
    "pk": 287,
    "fields": {
        "action_time": "2024-11-06T08:10:02.628Z",
        "user": [
            "dilozy"
        ],
        "content_type": [
            "pro_players",
            "highlight"
        ],
        "object_id": "5",
        "object_repr": "Youtube video: Champions Grand Final Guardian 4k",
        "action_flag": 2,
        "change_message": "[{\"changed\": {\"fields\": [\"Video url\"]}}]"
    }
},
{
    "model": "admin.logentry",
    "pk": 288,
    "fields": {
        "action_time": "2024-11-06T08:10:05.071Z",
        "user": [
            "dilozy"
        ],
        "content_type": [
            "pro_players",
            "highlight"
        ],
        "object_id": "6",
        "object_repr": "Youtube video: Double kill against NRG",
        "action_flag": 2,
        "change_message": "[]"
    }
},
{
    "model": "admin.logentry",
    "pk": 289,
    "fields": {
        "action_time": "2024-11-06T08:13:15.725Z",
        "user": [
            "dilozy"
        ],
        "content_type": [
            "pro_players",
            "highlight"
        ],
        "object_id": "5",
        "object_repr": "Youtube video: Champions Grand Final Guardian 3k",
        "action_flag": 2,
        "change_message": "[{\"changed\": {\"fields\": [\"Video title\"]}}]"
    }
},
{
    "model": "admin.logentry",
    "pk": 290,
    "fields": {
        "action_time": "2024-11-06T08:44:46.344Z",
        "user": [
            "dilozy"
        ],
        "content_type": [
            "pro_players",
            "player"
        ],
        "object_id": "75",
        "object_repr": "rgrfgf",
        "action_flag": 3,
        "change_message": ""
    }
},
{
    "model": "admin.logentry",
    "pk": 291,
    "fields": {
        "action_time": "2024-11-06T08:44:48.599Z",
        "user": [
            "dilozy"
        ],
        "content_type": [
            "pro_players",
            "player"
        ],
        "object_id": "74",
        "object_repr": "GDGFDG",
        "action_flag": 3,
        "change_message": ""
    }
},
{
    "model": "admin.logentry",
    "pk": 292,
    "fields": {
        "action_time": "2024-11-06T08:44:50.814Z",
        "user": [
            "dilozy"
        ],
        "content_type": [
            "pro_players",
            "player"
        ],
        "object_id": "73",
        "object_repr": "-0-0-0-0-0",
        "action_flag": 3,
        "change_message": ""
    }
},
{
    "model": "admin.logentry",
    "pk": 293,
    "fields": {
        "action_time": "2024-11-06T08:44:53.072Z",
        "user": [
            "dilozy"
        ],
        "content_type": [
            "pro_players",
            "player"
        ],
        "object_id": "72",
        "object_repr": "Aboba",
        "action_flag": 3,
        "change_message": ""
    }
},
{
    "model": "account.profile",
    "pk": 1,
    "fields": {
        "user": [
            "dilozy"
        ],
        "profile_picture": "profile_images/photo_2024-09-13_13-01-30_vPPO32P.jpg",
        "bio": "ddddddddd"
    }
},
{
    "model": "account.profile",
    "pk": 2,
    "fields": {
        "user": [
            "test5"
        ],
        "profile_picture": "default.jpg",
        "bio": ""
    }
},
{
    "model": "account.profile",
    "pk": 6,
    "fields": {
        "user": [
            "seconduser"
        ],
        "profile_picture": "default.jpg",
        "bio": ""
    }
},
{
    "model": "account.profile",
    "pk": 7,
    "fields": {
        "user": [
            "dilozy2"
        ],
        "profile_picture": "default.jpg",
        "bio": ""
    }
}
]
