[
    {
        "model": "account.profile",
        "pk": 1,
        "fields": {
            "user": 21,
            "profile_picture": "profile_images/photo_2024-09-13_13-01-30_vPPO32P.jpg",
            "bio": "ddddddddd"
        }
    },
    {
        "model": "account.profile",
        "pk": 2,
        "fields": {
            "user": 22,
            "profile_picture": "default.jpg",
            "bio": ""
        }
    },
    {
        "model": "account.profile",
        "pk": 6,
        "fields": {
            "user": 23,
            "profile_picture": "default.jpg",
            "bio": ""
        }
    },
    {
        "model": "account.profile",
        "pk": 7,
        "fields": {
            "user": 24,
            "profile_picture": "default.jpg",
            "bio": ""
        }
    },
    {
        "model": "admin.logentry",
        "pk": 1,
        "fields": {
            "action_time": "2024-09-25T11:16:15.814Z",
            "user": 21,
            "content_type": 8,
            "object_id": "Liquid",
            "object_repr": "Liquid",
            "action_flag": 1,
            "change_message": "[{\"added\": {}}]"
        }
    },
    {
        "model": "admin.logentry",
        "pk": 2,
        "fields": {
            "action_time": "2024-09-25T11:21:47.777Z",
            "user": 21,
            "content_type": 9,
            "object_id": "1",
            "object_repr": "nAts",
            "action_flag": 1,
            "change_message": "[{\"added\": {}}]"
        }
    },
    {
        "model": "admin.logentry",
        "pk": 3,
        "fields": {
            "action_time": "2024-09-25T11:22:37.620Z",
            "user": 21,
            "content_type": 9,
            "object_id": "1",
            "object_repr": "nAts",
            "action_flag": 2,
            "change_message": "[]"
        }
    },
    {
        "model": "admin.logentry",
        "pk": 4,
        "fields": {
            "action_time": "2024-09-25T11:22:44.536Z",
            "user": 21,
            "content_type": 8,
            "object_id": "Liquid",
            "object_repr": "Liquid",
            "action_flag": 2,
            "change_message": "[]"
        }
    },
    {
        "model": "admin.logentry",
        "pk": 5,
        "fields": {
            "action_time": "2024-09-25T11:27:48.406Z",
            "user": 21,
            "content_type": 9,
            "object_id": "2",
            "object_repr": "Jamppi",
            "action_flag": 1,
            "change_message": "[{\"added\": {}}]"
        }
    },
    {
        "model": "admin.logentry",
        "pk": 6,
        "fields": {
            "action_time": "2024-09-25T11:28:36.896Z",
            "user": 21,
            "content_type": 9,
            "object_id": "3",
            "object_repr": "Enzo",
            "action_flag": 1,
            "change_message": "[{\"added\": {}}]"
        }
    },
    {
        "model": "admin.logentry",
        "pk": 7,
        "fields": {
            "action_time": "2024-09-25T11:29:15.535Z",
            "user": 21,
            "content_type": 9,
            "object_id": "4",
            "object_repr": "Keiko",
            "action_flag": 1,
            "change_message": "[{\"added\": {}}]"
        }
    },
    {
        "model": "admin.logentry",
        "pk": 8,
        "fields": {
            "action_time": "2024-09-25T11:29:48.469Z",
            "user": 21,
            "content_type": 9,
            "object_id": "5",
            "object_repr": "Mistic",
            "action_flag": 1,
            "change_message": "[{\"added\": {}}]"
        }
    },
    {
        "model": "admin.logentry",
        "pk": 9,
        "fields": {
            "action_time": "2024-09-25T11:30:05.550Z",
            "user": 21,
            "content_type": 8,
            "object_id": "BBL",
            "object_repr": "BBL",
            "action_flag": 1,
            "change_message": "[{\"added\": {}}]"
        }
    },
    {
        "model": "admin.logentry",
        "pk": 10,
        "fields": {
            "action_time": "2024-09-25T11:30:48.852Z",
            "user": 21,
            "content_type": 9,
            "object_id": "6",
            "object_repr": "QutionerX",
            "action_flag": 1,
            "change_message": "[{\"added\": {}}]"
        }
    },
    {
        "model": "admin.logentry",
        "pk": 11,
        "fields": {
            "action_time": "2024-09-25T11:32:21.154Z",
            "user": 21,
            "content_type": 9,
            "object_id": "7",
            "object_repr": "Brave",
            "action_flag": 1,
            "change_message": "[{\"added\": {}}]"
        }
    },
    {
        "model": "admin.logentry",
        "pk": 12,
        "fields": {
            "action_time": "2024-09-25T15:58:41.653Z",
            "user": 21,
            "content_type": 9,
            "object_id": "8",
            "object_repr": "Elite",
            "action_flag": 1,
            "change_message": "[{\"added\": {}}]"
        }
    },
    {
        "model": "admin.logentry",
        "pk": 13,
        "fields": {
            "action_time": "2024-09-25T15:59:57.699Z",
            "user": 21,
            "content_type": 9,
            "object_id": "9",
            "object_repr": "Melih Karaduran",
            "action_flag": 1,
            "change_message": "[{\"added\": {}}]"
        }
    },
    {
        "model": "admin.logentry",
        "pk": 14,
        "fields": {
            "action_time": "2024-09-25T16:00:09.441Z",
            "user": 21,
            "content_type": 9,
            "object_id": "9",
            "object_repr": "pAura",
            "action_flag": 2,
            "change_message": "[{\"changed\": {\"fields\": [\"Full name\", \"Name\"]}}]"
        }
    },
    {
        "model": "admin.logentry",
        "pk": 15,
        "fields": {
            "action_time": "2024-09-25T16:00:49.013Z",
            "user": 21,
            "content_type": 9,
            "object_id": "10",
            "object_repr": "reazy",
            "action_flag": 1,
            "change_message": "[{\"added\": {}}]"
        }
    },
    {
        "model": "admin.logentry",
        "pk": 16,
        "fields": {
            "action_time": "2024-09-25T16:02:19.267Z",
            "user": 21,
            "content_type": 8,
            "object_id": "Fnatic",
            "object_repr": "Fnatic",
            "action_flag": 1,
            "change_message": "[{\"added\": {}}]"
        }
    },
    {
        "model": "admin.logentry",
        "pk": 17,
        "fields": {
            "action_time": "2024-09-25T16:02:35.543Z",
            "user": 21,
            "content_type": 8,
            "object_id": "Team Heretics",
            "object_repr": "Team Heretics",
            "action_flag": 1,
            "change_message": "[{\"added\": {}}]"
        }
    },
    {
        "model": "admin.logentry",
        "pk": 18,
        "fields": {
            "action_time": "2024-09-25T16:02:47.227Z",
            "user": 21,
            "content_type": 8,
            "object_id": "FUT Esports",
            "object_repr": "FUT Esports",
            "action_flag": 1,
            "change_message": "[{\"added\": {}}]"
        }
    },
    {
        "model": "admin.logentry",
        "pk": 19,
        "fields": {
            "action_time": "2024-09-25T16:02:57.849Z",
            "user": 21,
            "content_type": 8,
            "object_id": "Karmine Corp",
            "object_repr": "Karmine Corp",
            "action_flag": 1,
            "change_message": "[{\"added\": {}}]"
        }
    },
    {
        "model": "admin.logentry",
        "pk": 20,
        "fields": {
            "action_time": "2024-09-25T16:03:14.354Z",
            "user": 21,
            "content_type": 8,
            "object_id": "Natus Vincere",
            "object_repr": "Natus Vincere",
            "action_flag": 1,
            "change_message": "[{\"added\": {}}]"
        }
    },
    {
        "model": "admin.logentry",
        "pk": 21,
        "fields": {
            "action_time": "2024-09-25T16:03:25.676Z",
            "user": 21,
            "content_type": 8,
            "object_id": "Gentle Mates",
            "object_repr": "Gentle Mates",
            "action_flag": 1,
            "change_message": "[{\"added\": {}}]"
        }
    },
    {
        "model": "admin.logentry",
        "pk": 22,
        "fields": {
            "action_time": "2024-09-25T16:03:34.959Z",
            "user": 21,
            "content_type": 8,
            "object_id": "Team Vitality",
            "object_repr": "Team Vitality",
            "action_flag": 1,
            "change_message": "[{\"added\": {}}]"
        }
    },
    {
        "model": "admin.logentry",
        "pk": 23,
        "fields": {
            "action_time": "2024-09-25T16:03:46.162Z",
            "user": 21,
            "content_type": 8,
            "object_id": "GIANTX",
            "object_repr": "GIANTX",
            "action_flag": 1,
            "change_message": "[{\"added\": {}}]"
        }
    },
    {
        "model": "admin.logentry",
        "pk": 24,
        "fields": {
            "action_time": "2024-09-25T16:03:52.464Z",
            "user": 21,
            "content_type": 8,
            "object_id": "KOI",
            "object_repr": "KOI",
            "action_flag": 1,
            "change_message": "[{\"added\": {}}]"
        }
    },
    {
        "model": "admin.logentry",
        "pk": 25,
        "fields": {
            "action_time": "2024-09-25T16:04:49.624Z",
            "user": 21,
            "content_type": 9,
            "object_id": "11",
            "object_repr": "Boaster",
            "action_flag": 1,
            "change_message": "[{\"added\": {}}]"
        }
    },
    {
        "model": "admin.logentry",
        "pk": 26,
        "fields": {
            "action_time": "2024-09-25T16:05:30.191Z",
            "user": 21,
            "content_type": 9,
            "object_id": "12",
            "object_repr": "Derke",
            "action_flag": 1,
            "change_message": "[{\"added\": {}}]"
        }
    },
    {
        "model": "admin.logentry",
        "pk": 27,
        "fields": {
            "action_time": "2024-09-25T16:06:01.435Z",
            "user": 21,
            "content_type": 9,
            "object_id": "13",
            "object_repr": "Alfajer",
            "action_flag": 1,
            "change_message": "[{\"added\": {}}]"
        }
    },
    {
        "model": "admin.logentry",
        "pk": 28,
        "fields": {
            "action_time": "2024-09-25T16:06:37.166Z",
            "user": 21,
            "content_type": 9,
            "object_id": "14",
            "object_repr": "Chronicle",
            "action_flag": 1,
            "change_message": "[{\"added\": {}}]"
        }
    },
    {
        "model": "admin.logentry",
        "pk": 29,
        "fields": {
            "action_time": "2024-09-25T16:07:11.014Z",
            "user": 21,
            "content_type": 9,
            "object_id": "15",
            "object_repr": "hiro",
            "action_flag": 1,
            "change_message": "[{\"added\": {}}]"
        }
    },
    {
        "model": "admin.logentry",
        "pk": 30,
        "fields": {
            "action_time": "2024-09-25T16:08:25.787Z",
            "user": 21,
            "content_type": 9,
            "object_id": "16",
            "object_repr": "Boo",
            "action_flag": 1,
            "change_message": "[{\"added\": {}}]"
        }
    },
    {
        "model": "admin.logentry",
        "pk": 31,
        "fields": {
            "action_time": "2024-09-25T16:08:36.743Z",
            "user": 21,
            "content_type": 9,
            "object_id": "11",
            "object_repr": "Boaster",
            "action_flag": 2,
            "change_message": "[{\"changed\": {\"fields\": [\"Role\"]}}]"
        }
    },
    {
        "model": "admin.logentry",
        "pk": 32,
        "fields": {
            "action_time": "2024-09-25T16:09:10.126Z",
            "user": 21,
            "content_type": 9,
            "object_id": "17",
            "object_repr": "benjyfishy",
            "action_flag": 1,
            "change_message": "[{\"added\": {}}]"
        }
    },
    {
        "model": "admin.logentry",
        "pk": 33,
        "fields": {
            "action_time": "2024-09-25T16:09:43.666Z",
            "user": 21,
            "content_type": 9,
            "object_id": "18",
            "object_repr": "MiniBoo",
            "action_flag": 1,
            "change_message": "[{\"added\": {}}]"
        }
    },
    {
        "model": "admin.logentry",
        "pk": 34,
        "fields": {
            "action_time": "2024-09-25T16:10:15.936Z",
            "user": 21,
            "content_type": 9,
            "object_id": "19",
            "object_repr": "RieNs",
            "action_flag": 1,
            "change_message": "[{\"added\": {}}]"
        }
    },
    {
        "model": "admin.logentry",
        "pk": 35,
        "fields": {
            "action_time": "2024-09-25T16:10:48.058Z",
            "user": 21,
            "content_type": 9,
            "object_id": "20",
            "object_repr": "Wo0t",
            "action_flag": 1,
            "change_message": "[{\"added\": {}}]"
        }
    },
    {
        "model": "admin.logentry",
        "pk": 36,
        "fields": {
            "action_time": "2024-09-25T16:12:17.615Z",
            "user": 21,
            "content_type": 9,
            "object_id": "21",
            "object_repr": "MrFaliN",
            "action_flag": 1,
            "change_message": "[{\"added\": {}}]"
        }
    },
    {
        "model": "admin.logentry",
        "pk": 37,
        "fields": {
            "action_time": "2024-09-25T16:12:49.386Z",
            "user": 21,
            "content_type": 9,
            "object_id": "22",
            "object_repr": "qRaxs",
            "action_flag": 1,
            "change_message": "[{\"added\": {}}]"
        }
    },
    {
        "model": "admin.logentry",
        "pk": 38,
        "fields": {
            "action_time": "2024-09-25T16:13:42.515Z",
            "user": 21,
            "content_type": 9,
            "object_id": "23",
            "object_repr": "ATA KAPTAN",
            "action_flag": 1,
            "change_message": "[{\"added\": {}}]"
        }
    },
    {
        "model": "admin.logentry",
        "pk": 39,
        "fields": {
            "action_time": "2024-09-25T16:17:30.025Z",
            "user": 21,
            "content_type": 9,
            "object_id": "24",
            "object_repr": "yetujey",
            "action_flag": 1,
            "change_message": "[{\"added\": {}}]"
        }
    },
    {
        "model": "admin.logentry",
        "pk": 40,
        "fields": {
            "action_time": "2024-09-25T16:17:39.987Z",
            "user": 21,
            "content_type": 9,
            "object_id": "25",
            "object_repr": "yetujey",
            "action_flag": 1,
            "change_message": "[{\"added\": {}}]"
        }
    },
    {
        "model": "admin.logentry",
        "pk": 41,
        "fields": {
            "action_time": "2024-09-25T16:18:10.120Z",
            "user": 21,
            "content_type": 9,
            "object_id": "24",
            "object_repr": "yetujey",
            "action_flag": 3,
            "change_message": ""
        }
    },
    {
        "model": "admin.logentry",
        "pk": 42,
        "fields": {
            "action_time": "2024-09-25T16:18:14.860Z",
            "user": 21,
            "content_type": 9,
            "object_id": "25",
            "object_repr": "yetujey",
            "action_flag": 2,
            "change_message": "[]"
        }
    },
    {
        "model": "admin.logentry",
        "pk": 43,
        "fields": {
            "action_time": "2024-09-25T16:18:47.967Z",
            "user": 21,
            "content_type": 9,
            "object_id": "26",
            "object_repr": "cNed",
            "action_flag": 1,
            "change_message": "[{\"added\": {}}]"
        }
    },
    {
        "model": "admin.logentry",
        "pk": 44,
        "fields": {
            "action_time": "2024-09-25T16:19:37.760Z",
            "user": 21,
            "content_type": 9,
            "object_id": "27",
            "object_repr": "Shin",
            "action_flag": 1,
            "change_message": "[{\"added\": {}}]"
        }
    },
    {
        "model": "admin.logentry",
        "pk": 45,
        "fields": {
            "action_time": "2024-09-25T16:20:41.894Z",
            "user": 21,
            "content_type": 9,
            "object_id": "28",
            "object_repr": "Magnum",
            "action_flag": 1,
            "change_message": "[{\"added\": {}}]"
        }
    },
    {
        "model": "admin.logentry",
        "pk": 46,
        "fields": {
            "action_time": "2024-09-25T16:21:41.776Z",
            "user": 21,
            "content_type": 9,
            "object_id": "29",
            "object_repr": "marteen",
            "action_flag": 1,
            "change_message": "[{\"added\": {}}]"
        }
    },
    {
        "model": "admin.logentry",
        "pk": 47,
        "fields": {
            "action_time": "2024-09-25T16:22:06.261Z",
            "user": 21,
            "content_type": 9,
            "object_id": "30",
            "object_repr": "N4RRATE",
            "action_flag": 1,
            "change_message": "[{\"added\": {}}]"
        }
    },
    {
        "model": "admin.logentry",
        "pk": 48,
        "fields": {
            "action_time": "2024-09-25T16:22:49.510Z",
            "user": 21,
            "content_type": 9,
            "object_id": "31",
            "object_repr": "tomaszy",
            "action_flag": 1,
            "change_message": "[{\"added\": {}}]"
        }
    },
    {
        "model": "admin.logentry",
        "pk": 49,
        "fields": {
            "action_time": "2024-09-25T16:23:35.611Z",
            "user": 21,
            "content_type": 9,
            "object_id": "32",
            "object_repr": "ANGE1",
            "action_flag": 1,
            "change_message": "[{\"added\": {}}]"
        }
    },
    {
        "model": "admin.logentry",
        "pk": 50,
        "fields": {
            "action_time": "2024-09-25T16:24:01.174Z",
            "user": 21,
            "content_type": 9,
            "object_id": "33",
            "object_repr": "SUYGETSU",
            "action_flag": 1,
            "change_message": "[{\"added\": {}}]"
        }
    },
    {
        "model": "admin.logentry",
        "pk": 51,
        "fields": {
            "action_time": "2024-09-25T16:24:25.937Z",
            "user": 21,
            "content_type": 9,
            "object_id": "34",
            "object_repr": "Shao",
            "action_flag": 1,
            "change_message": "[{\"added\": {}}]"
        }
    },
    {
        "model": "admin.logentry",
        "pk": 52,
        "fields": {
            "action_time": "2024-09-25T16:24:52.999Z",
            "user": 21,
            "content_type": 9,
            "object_id": "35",
            "object_repr": "Zyppan",
            "action_flag": 1,
            "change_message": "[{\"added\": {}}]"
        }
    },
    {
        "model": "admin.logentry",
        "pk": 53,
        "fields": {
            "action_time": "2024-09-25T16:25:21.745Z",
            "user": 21,
            "content_type": 9,
            "object_id": "36",
            "object_repr": "ardiis",
            "action_flag": 1,
            "change_message": "[{\"added\": {}}]"
        }
    },
    {
        "model": "admin.logentry",
        "pk": 54,
        "fields": {
            "action_time": "2024-09-25T16:26:07.250Z",
            "user": 21,
            "content_type": 9,
            "object_id": "37",
            "object_repr": "beyAz",
            "action_flag": 1,
            "change_message": "[{\"added\": {}}]"
        }
    },
    {
        "model": "admin.logentry",
        "pk": 55,
        "fields": {
            "action_time": "2024-09-25T16:26:37.610Z",
            "user": 21,
            "content_type": 9,
            "object_id": "38",
            "object_repr": "nataNk",
            "action_flag": 1,
            "change_message": "[{\"added\": {}}]"
        }
    },
    {
        "model": "admin.logentry",
        "pk": 56,
        "fields": {
            "action_time": "2024-09-25T16:27:06.801Z",
            "user": 21,
            "content_type": 9,
            "object_id": "39",
            "object_repr": "TakaS",
            "action_flag": 1,
            "change_message": "[{\"added\": {}}]"
        }
    },
    {
        "model": "admin.logentry",
        "pk": 57,
        "fields": {
            "action_time": "2024-09-25T16:27:31.866Z",
            "user": 21,
            "content_type": 9,
            "object_id": "40",
            "object_repr": "Wailers",
            "action_flag": 1,
            "change_message": "[{\"added\": {}}]"
        }
    },
    {
        "model": "admin.logentry",
        "pk": 58,
        "fields": {
            "action_time": "2024-09-25T16:28:19.001Z",
            "user": 21,
            "content_type": 9,
            "object_id": "41",
            "object_repr": "kAdavra",
            "action_flag": 1,
            "change_message": "[{\"added\": {}}]"
        }
    },
    {
        "model": "admin.logentry",
        "pk": 59,
        "fields": {
            "action_time": "2024-09-25T16:28:59.995Z",
            "user": 21,
            "content_type": 9,
            "object_id": "42",
            "object_repr": "ceNder",
            "action_flag": 1,
            "change_message": "[{\"added\": {}}]"
        }
    },
    {
        "model": "admin.logentry",
        "pk": 60,
        "fields": {
            "action_time": "2024-09-25T16:29:26.176Z",
            "user": 21,
            "content_type": 9,
            "object_id": "43",
            "object_repr": "runneR",
            "action_flag": 1,
            "change_message": "[{\"added\": {}}]"
        }
    },
    {
        "model": "admin.logentry",
        "pk": 61,
        "fields": {
            "action_time": "2024-09-25T16:29:54.466Z",
            "user": 21,
            "content_type": 9,
            "object_id": "44",
            "object_repr": "Kicks",
            "action_flag": 1,
            "change_message": "[{\"added\": {}}]"
        }
    },
    {
        "model": "admin.logentry",
        "pk": 62,
        "fields": {
            "action_time": "2024-09-25T16:30:24.377Z",
            "user": 21,
            "content_type": 9,
            "object_id": "45",
            "object_repr": "Sayf",
            "action_flag": 1,
            "change_message": "[{\"added\": {}}]"
        }
    },
    {
        "model": "admin.logentry",
        "pk": 63,
        "fields": {
            "action_time": "2024-09-25T16:31:04.591Z",
            "user": 21,
            "content_type": 9,
            "object_id": "46",
            "object_repr": "Nikita Cherednichenko",
            "action_flag": 1,
            "change_message": "[{\"added\": {}}]"
        }
    },
    {
        "model": "admin.logentry",
        "pk": 64,
        "fields": {
            "action_time": "2024-09-25T16:31:50.117Z",
            "user": 21,
            "content_type": 9,
            "object_id": "47",
            "object_repr": "Cloud",
            "action_flag": 1,
            "change_message": "[{\"added\": {}}]"
        }
    },
    {
        "model": "admin.logentry",
        "pk": 65,
        "fields": {
            "action_time": "2024-09-25T16:33:51.056Z",
            "user": 21,
            "content_type": 9,
            "object_id": "48",
            "object_repr": "hoody",
            "action_flag": 1,
            "change_message": "[{\"added\": {}}]"
        }
    },
    {
        "model": "admin.logentry",
        "pk": 66,
        "fields": {
            "action_time": "2024-09-25T16:34:25.868Z",
            "user": 21,
            "content_type": 9,
            "object_id": "49",
            "object_repr": "Fit1nho",
            "action_flag": 1,
            "change_message": "[{\"added\": {}}]"
        }
    },
    {
        "model": "admin.logentry",
        "pk": 67,
        "fields": {
            "action_time": "2024-09-25T16:34:49.452Z",
            "user": 21,
            "content_type": 9,
            "object_id": "50",
            "object_repr": "purp0",
            "action_flag": 1,
            "change_message": "[{\"added\": {}}]"
        }
    },
    {
        "model": "admin.logentry",
        "pk": 68,
        "fields": {
            "action_time": "2024-09-25T16:35:38.193Z",
            "user": 21,
            "content_type": 9,
            "object_id": "51",
            "object_repr": "Famsii",
            "action_flag": 1,
            "change_message": "[{\"added\": {}}]"
        }
    },
    {
        "model": "admin.logentry",
        "pk": 69,
        "fields": {
            "action_time": "2024-09-25T16:35:50.800Z",
            "user": 21,
            "content_type": 9,
            "object_id": "46",
            "object_repr": "trexx",
            "action_flag": 2,
            "change_message": "[{\"changed\": {\"fields\": [\"Full name\", \"Name\"]}}]"
        }
    },
    {
        "model": "admin.logentry",
        "pk": 70,
        "fields": {
            "action_time": "2024-09-25T16:36:33.235Z",
            "user": 21,
            "content_type": 9,
            "object_id": "52",
            "object_repr": "Sheydos",
            "action_flag": 1,
            "change_message": "[{\"added\": {}}]"
        }
    },
    {
        "model": "admin.logentry",
        "pk": 71,
        "fields": {
            "action_time": "2024-09-25T16:37:17.733Z",
            "user": 21,
            "content_type": 9,
            "object_id": "53",
            "object_repr": "starxo",
            "action_flag": 1,
            "change_message": "[{\"added\": {}}]"
        }
    },
    {
        "model": "admin.logentry",
        "pk": 72,
        "fields": {
            "action_time": "2024-09-25T16:37:46.592Z",
            "user": 21,
            "content_type": 9,
            "object_id": "54",
            "object_repr": "GRUBINHO",
            "action_flag": 1,
            "change_message": "[{\"added\": {}}]"
        }
    },
    {
        "model": "admin.logentry",
        "pk": 73,
        "fields": {
            "action_time": "2024-09-25T16:38:06.297Z",
            "user": 21,
            "content_type": 9,
            "object_id": "55",
            "object_repr": "kamo",
            "action_flag": 1,
            "change_message": "[{\"added\": {}}]"
        }
    },
    {
        "model": "admin.logentry",
        "pk": 74,
        "fields": {
            "action_time": "2024-09-25T16:38:29.843Z",
            "user": 21,
            "content_type": 9,
            "object_id": "56",
            "object_repr": "ShadoW",
            "action_flag": 1,
            "change_message": "[{\"added\": {}}]"
        }
    },
    {
        "model": "admin.logentry",
        "pk": 75,
        "fields": {
            "action_time": "2024-09-28T08:08:56.738Z",
            "user": 21,
            "content_type": 9,
            "object_id": "56",
            "object_repr": "ShadoW",
            "action_flag": 2,
            "change_message": "[{\"changed\": {\"fields\": [\"Slug\"]}}]"
        }
    },
    {
        "model": "admin.logentry",
        "pk": 76,
        "fields": {
            "action_time": "2024-09-28T08:09:02.845Z",
            "user": 21,
            "content_type": 9,
            "object_id": "55",
            "object_repr": "kamo",
            "action_flag": 2,
            "change_message": "[{\"changed\": {\"fields\": [\"Slug\"]}}]"
        }
    },
    {
        "model": "admin.logentry",
        "pk": 77,
        "fields": {
            "action_time": "2024-09-28T08:09:06.962Z",
            "user": 21,
            "content_type": 9,
            "object_id": "54",
            "object_repr": "GRUBINHO",
            "action_flag": 2,
            "change_message": "[{\"changed\": {\"fields\": [\"Slug\"]}}]"
        }
    },
    {
        "model": "admin.logentry",
        "pk": 78,
        "fields": {
            "action_time": "2024-09-28T08:09:15.993Z",
            "user": 21,
            "content_type": 9,
            "object_id": "53",
            "object_repr": "starxo",
            "action_flag": 2,
            "change_message": "[{\"changed\": {\"fields\": [\"Slug\"]}}]"
        }
    },
    {
        "model": "admin.logentry",
        "pk": 79,
        "fields": {
            "action_time": "2024-09-28T08:09:21.212Z",
            "user": 21,
            "content_type": 9,
            "object_id": "52",
            "object_repr": "Sheydos",
            "action_flag": 2,
            "change_message": "[{\"changed\": {\"fields\": [\"Slug\"]}}]"
        }
    },
    {
        "model": "admin.logentry",
        "pk": 80,
        "fields": {
            "action_time": "2024-09-28T08:09:26.544Z",
            "user": 21,
            "content_type": 9,
            "object_id": "51",
            "object_repr": "Famsii",
            "action_flag": 2,
            "change_message": "[{\"changed\": {\"fields\": [\"Slug\"]}}]"
        }
    },
    {
        "model": "admin.logentry",
        "pk": 81,
        "fields": {
            "action_time": "2024-09-28T08:09:33.866Z",
            "user": 21,
            "content_type": 9,
            "object_id": "50",
            "object_repr": "purp0",
            "action_flag": 2,
            "change_message": "[{\"changed\": {\"fields\": [\"Slug\"]}}]"
        }
    },
    {
        "model": "admin.logentry",
        "pk": 82,
        "fields": {
            "action_time": "2024-09-28T08:09:38.618Z",
            "user": 21,
            "content_type": 9,
            "object_id": "49",
            "object_repr": "Fit1nho",
            "action_flag": 2,
            "change_message": "[{\"changed\": {\"fields\": [\"Slug\"]}}]"
        }
    },
    {
        "model": "admin.logentry",
        "pk": 83,
        "fields": {
            "action_time": "2024-09-28T08:09:43.036Z",
            "user": 21,
            "content_type": 9,
            "object_id": "48",
            "object_repr": "hoody",
            "action_flag": 2,
            "change_message": "[{\"changed\": {\"fields\": [\"Slug\"]}}]"
        }
    },
    {
        "model": "admin.logentry",
        "pk": 84,
        "fields": {
            "action_time": "2024-09-28T08:09:47.320Z",
            "user": 21,
            "content_type": 9,
            "object_id": "47",
            "object_repr": "Cloud",
            "action_flag": 2,
            "change_message": "[{\"changed\": {\"fields\": [\"Slug\"]}}]"
        }
    },
    {
        "model": "admin.logentry",
        "pk": 85,
        "fields": {
            "action_time": "2024-09-28T08:09:51.137Z",
            "user": 21,
            "content_type": 9,
            "object_id": "46",
            "object_repr": "trexx",
            "action_flag": 2,
            "change_message": "[{\"changed\": {\"fields\": [\"Slug\"]}}]"
        }
    },
    {
        "model": "admin.logentry",
        "pk": 86,
        "fields": {
            "action_time": "2024-09-28T08:09:55.789Z",
            "user": 21,
            "content_type": 9,
            "object_id": "45",
            "object_repr": "Sayf",
            "action_flag": 2,
            "change_message": "[{\"changed\": {\"fields\": [\"Slug\"]}}]"
        }
    },
    {
        "model": "admin.logentry",
        "pk": 87,
        "fields": {
            "action_time": "2024-09-28T08:10:00.426Z",
            "user": 21,
            "content_type": 9,
            "object_id": "44",
            "object_repr": "Kicks",
            "action_flag": 2,
            "change_message": "[{\"changed\": {\"fields\": [\"Slug\"]}}]"
        }
    },
    {
        "model": "admin.logentry",
        "pk": 88,
        "fields": {
            "action_time": "2024-09-28T08:10:05.870Z",
            "user": 21,
            "content_type": 9,
            "object_id": "43",
            "object_repr": "runneR",
            "action_flag": 2,
            "change_message": "[{\"changed\": {\"fields\": [\"Slug\"]}}]"
        }
    },
    {
        "model": "admin.logentry",
        "pk": 89,
        "fields": {
            "action_time": "2024-09-28T08:10:10.085Z",
            "user": 21,
            "content_type": 9,
            "object_id": "42",
            "object_repr": "ceNder",
            "action_flag": 2,
            "change_message": "[{\"changed\": {\"fields\": [\"Slug\"]}}]"
        }
    },
    {
        "model": "admin.logentry",
        "pk": 90,
        "fields": {
            "action_time": "2024-09-28T08:10:13.288Z",
            "user": 21,
            "content_type": 9,
            "object_id": "41",
            "object_repr": "kAdavra",
            "action_flag": 2,
            "change_message": "[{\"changed\": {\"fields\": [\"Slug\"]}}]"
        }
    },
    {
        "model": "admin.logentry",
        "pk": 91,
        "fields": {
            "action_time": "2024-09-28T08:10:17.052Z",
            "user": 21,
            "content_type": 9,
            "object_id": "40",
            "object_repr": "Wailers",
            "action_flag": 2,
            "change_message": "[{\"changed\": {\"fields\": [\"Slug\"]}}]"
        }
    },
    {
        "model": "admin.logentry",
        "pk": 92,
        "fields": {
            "action_time": "2024-09-28T08:10:23.684Z",
            "user": 21,
            "content_type": 9,
            "object_id": "39",
            "object_repr": "TakaS",
            "action_flag": 2,
            "change_message": "[{\"changed\": {\"fields\": [\"Slug\"]}}]"
        }
    },
    {
        "model": "admin.logentry",
        "pk": 93,
        "fields": {
            "action_time": "2024-09-28T08:10:27.800Z",
            "user": 21,
            "content_type": 9,
            "object_id": "38",
            "object_repr": "nataNk",
            "action_flag": 2,
            "change_message": "[{\"changed\": {\"fields\": [\"Slug\"]}}]"
        }
    },
    {
        "model": "admin.logentry",
        "pk": 94,
        "fields": {
            "action_time": "2024-09-28T08:10:30.985Z",
            "user": 21,
            "content_type": 9,
            "object_id": "37",
            "object_repr": "beyAz",
            "action_flag": 2,
            "change_message": "[{\"changed\": {\"fields\": [\"Slug\"]}}]"
        }
    },
    {
        "model": "admin.logentry",
        "pk": 95,
        "fields": {
            "action_time": "2024-09-28T08:10:35.599Z",
            "user": 21,
            "content_type": 9,
            "object_id": "36",
            "object_repr": "ardiis",
            "action_flag": 2,
            "change_message": "[{\"changed\": {\"fields\": [\"Slug\"]}}]"
        }
    },
    {
        "model": "admin.logentry",
        "pk": 96,
        "fields": {
            "action_time": "2024-09-28T08:10:39.362Z",
            "user": 21,
            "content_type": 9,
            "object_id": "36",
            "object_repr": "ardiis",
            "action_flag": 2,
            "change_message": "[]"
        }
    },
    {
        "model": "admin.logentry",
        "pk": 97,
        "fields": {
            "action_time": "2024-09-28T08:10:46.128Z",
            "user": 21,
            "content_type": 9,
            "object_id": "35",
            "object_repr": "Zyppan",
            "action_flag": 2,
            "change_message": "[{\"changed\": {\"fields\": [\"Slug\"]}}]"
        }
    },
    {
        "model": "admin.logentry",
        "pk": 98,
        "fields": {
            "action_time": "2024-09-28T08:10:50.378Z",
            "user": 21,
            "content_type": 9,
            "object_id": "34",
            "object_repr": "Shao",
            "action_flag": 2,
            "change_message": "[{\"changed\": {\"fields\": [\"Slug\"]}}]"
        }
    },
    {
        "model": "admin.logentry",
        "pk": 99,
        "fields": {
            "action_time": "2024-09-28T08:10:54.664Z",
            "user": 21,
            "content_type": 9,
            "object_id": "33",
            "object_repr": "SUYGETSU",
            "action_flag": 2,
            "change_message": "[{\"changed\": {\"fields\": [\"Slug\"]}}]"
        }
    },
    {
        "model": "admin.logentry",
        "pk": 100,
        "fields": {
            "action_time": "2024-09-28T08:11:00.295Z",
            "user": 21,
            "content_type": 9,
            "object_id": "32",
            "object_repr": "ANGE1",
            "action_flag": 2,
            "change_message": "[{\"changed\": {\"fields\": [\"Slug\"]}}]"
        }
    },
    {
        "model": "admin.logentry",
        "pk": 101,
        "fields": {
            "action_time": "2024-09-28T08:11:03.973Z",
            "user": 21,
            "content_type": 9,
            "object_id": "31",
            "object_repr": "tomaszy",
            "action_flag": 2,
            "change_message": "[{\"changed\": {\"fields\": [\"Slug\"]}}]"
        }
    },
    {
        "model": "admin.logentry",
        "pk": 102,
        "fields": {
            "action_time": "2024-09-28T08:11:08.303Z",
            "user": 21,
            "content_type": 9,
            "object_id": "30",
            "object_repr": "N4RRATE",
            "action_flag": 2,
            "change_message": "[{\"changed\": {\"fields\": [\"Slug\"]}}]"
        }
    },
    {
        "model": "admin.logentry",
        "pk": 103,
        "fields": {
            "action_time": "2024-09-28T08:11:12.543Z",
            "user": 21,
            "content_type": 9,
            "object_id": "29",
            "object_repr": "marteen",
            "action_flag": 2,
            "change_message": "[{\"changed\": {\"fields\": [\"Slug\"]}}]"
        }
    },
    {
        "model": "admin.logentry",
        "pk": 104,
        "fields": {
            "action_time": "2024-09-28T08:11:16.744Z",
            "user": 21,
            "content_type": 9,
            "object_id": "28",
            "object_repr": "Magnum",
            "action_flag": 2,
            "change_message": "[{\"changed\": {\"fields\": [\"Slug\"]}}]"
        }
    },
    {
        "model": "admin.logentry",
        "pk": 105,
        "fields": {
            "action_time": "2024-09-28T08:11:20.972Z",
            "user": 21,
            "content_type": 9,
            "object_id": "27",
            "object_repr": "Shin",
            "action_flag": 2,
            "change_message": "[{\"changed\": {\"fields\": [\"Slug\"]}}]"
        }
    },
    {
        "model": "admin.logentry",
        "pk": 106,
        "fields": {
            "action_time": "2024-09-28T08:11:24.684Z",
            "user": 21,
            "content_type": 9,
            "object_id": "26",
            "object_repr": "cNed",
            "action_flag": 2,
            "change_message": "[{\"changed\": {\"fields\": [\"Slug\"]}}]"
        }
    },
    {
        "model": "admin.logentry",
        "pk": 107,
        "fields": {
            "action_time": "2024-09-28T08:11:28.457Z",
            "user": 21,
            "content_type": 9,
            "object_id": "25",
            "object_repr": "yetujey",
            "action_flag": 2,
            "change_message": "[{\"changed\": {\"fields\": [\"Slug\"]}}]"
        }
    },
    {
        "model": "admin.logentry",
        "pk": 108,
        "fields": {
            "action_time": "2024-09-28T08:11:32.752Z",
            "user": 21,
            "content_type": 9,
            "object_id": "23",
            "object_repr": "ATA KAPTAN",
            "action_flag": 2,
            "change_message": "[{\"changed\": {\"fields\": [\"Slug\"]}}]"
        }
    },
    {
        "model": "admin.logentry",
        "pk": 109,
        "fields": {
            "action_time": "2024-09-28T08:11:36.289Z",
            "user": 21,
            "content_type": 9,
            "object_id": "22",
            "object_repr": "qRaxs",
            "action_flag": 2,
            "change_message": "[{\"changed\": {\"fields\": [\"Slug\"]}}]"
        }
    },
    {
        "model": "admin.logentry",
        "pk": 110,
        "fields": {
            "action_time": "2024-09-28T08:11:40.002Z",
            "user": 21,
            "content_type": 9,
            "object_id": "21",
            "object_repr": "MrFaliN",
            "action_flag": 2,
            "change_message": "[{\"changed\": {\"fields\": [\"Slug\"]}}]"
        }
    },
    {
        "model": "admin.logentry",
        "pk": 111,
        "fields": {
            "action_time": "2024-09-28T08:11:44.980Z",
            "user": 21,
            "content_type": 9,
            "object_id": "20",
            "object_repr": "Wo0t",
            "action_flag": 2,
            "change_message": "[{\"changed\": {\"fields\": [\"Slug\"]}}]"
        }
    },
    {
        "model": "admin.logentry",
        "pk": 112,
        "fields": {
            "action_time": "2024-09-28T08:11:49.964Z",
            "user": 21,
            "content_type": 9,
            "object_id": "19",
            "object_repr": "RieNs",
            "action_flag": 2,
            "change_message": "[{\"changed\": {\"fields\": [\"Slug\"]}}]"
        }
    },
    {
        "model": "admin.logentry",
        "pk": 113,
        "fields": {
            "action_time": "2024-09-28T08:11:53.094Z",
            "user": 21,
            "content_type": 9,
            "object_id": "18",
            "object_repr": "MiniBoo",
            "action_flag": 2,
            "change_message": "[{\"changed\": {\"fields\": [\"Slug\"]}}]"
        }
    },
    {
        "model": "admin.logentry",
        "pk": 114,
        "fields": {
            "action_time": "2024-09-28T08:11:58.743Z",
            "user": 21,
            "content_type": 9,
            "object_id": "17",
            "object_repr": "benjyfishy",
            "action_flag": 2,
            "change_message": "[{\"changed\": {\"fields\": [\"Slug\"]}}]"
        }
    },
    {
        "model": "admin.logentry",
        "pk": 115,
        "fields": {
            "action_time": "2024-09-28T08:12:02.935Z",
            "user": 21,
            "content_type": 9,
            "object_id": "16",
            "object_repr": "Boo",
            "action_flag": 2,
            "change_message": "[{\"changed\": {\"fields\": [\"Slug\"]}}]"
        }
    },
    {
        "model": "admin.logentry",
        "pk": 116,
        "fields": {
            "action_time": "2024-09-28T08:12:07.513Z",
            "user": 21,
            "content_type": 9,
            "object_id": "15",
            "object_repr": "hiro",
            "action_flag": 2,
            "change_message": "[{\"changed\": {\"fields\": [\"Slug\"]}}]"
        }
    },
    {
        "model": "admin.logentry",
        "pk": 117,
        "fields": {
            "action_time": "2024-09-28T08:12:11.046Z",
            "user": 21,
            "content_type": 9,
            "object_id": "14",
            "object_repr": "Chronicle",
            "action_flag": 2,
            "change_message": "[{\"changed\": {\"fields\": [\"Slug\"]}}]"
        }
    },
    {
        "model": "admin.logentry",
        "pk": 118,
        "fields": {
            "action_time": "2024-09-28T08:12:14.562Z",
            "user": 21,
            "content_type": 9,
            "object_id": "13",
            "object_repr": "Alfajer",
            "action_flag": 2,
            "change_message": "[{\"changed\": {\"fields\": [\"Slug\"]}}]"
        }
    },
    {
        "model": "admin.logentry",
        "pk": 119,
        "fields": {
            "action_time": "2024-09-28T08:12:17.922Z",
            "user": 21,
            "content_type": 9,
            "object_id": "12",
            "object_repr": "Derke",
            "action_flag": 2,
            "change_message": "[{\"changed\": {\"fields\": [\"Slug\"]}}]"
        }
    },
    {
        "model": "admin.logentry",
        "pk": 120,
        "fields": {
            "action_time": "2024-09-28T08:12:21.817Z",
            "user": 21,
            "content_type": 9,
            "object_id": "11",
            "object_repr": "Boaster",
            "action_flag": 2,
            "change_message": "[{\"changed\": {\"fields\": [\"Slug\"]}}]"
        }
    },
    {
        "model": "admin.logentry",
        "pk": 121,
        "fields": {
            "action_time": "2024-09-28T08:12:25.337Z",
            "user": 21,
            "content_type": 9,
            "object_id": "10",
            "object_repr": "reazy",
            "action_flag": 2,
            "change_message": "[{\"changed\": {\"fields\": [\"Slug\"]}}]"
        }
    },
    {
        "model": "admin.logentry",
        "pk": 122,
        "fields": {
            "action_time": "2024-09-28T08:12:28.512Z",
            "user": 21,
            "content_type": 9,
            "object_id": "9",
            "object_repr": "pAura",
            "action_flag": 2,
            "change_message": "[{\"changed\": {\"fields\": [\"Slug\"]}}]"
        }
    },
    {
        "model": "admin.logentry",
        "pk": 123,
        "fields": {
            "action_time": "2024-09-28T08:12:32.737Z",
            "user": 21,
            "content_type": 9,
            "object_id": "8",
            "object_repr": "Elite",
            "action_flag": 2,
            "change_message": "[{\"changed\": {\"fields\": [\"Slug\"]}}]"
        }
    },
    {
        "model": "admin.logentry",
        "pk": 124,
        "fields": {
            "action_time": "2024-09-28T08:12:36.237Z",
            "user": 21,
            "content_type": 9,
            "object_id": "7",
            "object_repr": "Brave",
            "action_flag": 2,
            "change_message": "[{\"changed\": {\"fields\": [\"Slug\"]}}]"
        }
    },
    {
        "model": "admin.logentry",
        "pk": 125,
        "fields": {
            "action_time": "2024-09-28T08:12:40.166Z",
            "user": 21,
            "content_type": 9,
            "object_id": "6",
            "object_repr": "QutionerX",
            "action_flag": 2,
            "change_message": "[{\"changed\": {\"fields\": [\"Slug\"]}}]"
        }
    },
    {
        "model": "admin.logentry",
        "pk": 126,
        "fields": {
            "action_time": "2024-09-28T08:12:43.388Z",
            "user": 21,
            "content_type": 9,
            "object_id": "5",
            "object_repr": "Mistic",
            "action_flag": 2,
            "change_message": "[{\"changed\": {\"fields\": [\"Slug\"]}}]"
        }
    },
    {
        "model": "admin.logentry",
        "pk": 127,
        "fields": {
            "action_time": "2024-09-28T08:12:46.935Z",
            "user": 21,
            "content_type": 9,
            "object_id": "4",
            "object_repr": "Keiko",
            "action_flag": 2,
            "change_message": "[{\"changed\": {\"fields\": [\"Slug\"]}}]"
        }
    },
    {
        "model": "admin.logentry",
        "pk": 128,
        "fields": {
            "action_time": "2024-09-28T08:12:49.665Z",
            "user": 21,
            "content_type": 9,
            "object_id": "3",
            "object_repr": "Enzo",
            "action_flag": 2,
            "change_message": "[{\"changed\": {\"fields\": [\"Slug\"]}}]"
        }
    },
    {
        "model": "admin.logentry",
        "pk": 129,
        "fields": {
            "action_time": "2024-09-28T08:12:52.275Z",
            "user": 21,
            "content_type": 9,
            "object_id": "2",
            "object_repr": "Jamppi",
            "action_flag": 2,
            "change_message": "[{\"changed\": {\"fields\": [\"Slug\"]}}]"
        }
    },
    {
        "model": "admin.logentry",
        "pk": 130,
        "fields": {
            "action_time": "2024-09-28T08:12:55.678Z",
            "user": 21,
            "content_type": 9,
            "object_id": "1",
            "object_repr": "nAts",
            "action_flag": 2,
            "change_message": "[{\"changed\": {\"fields\": [\"Slug\"]}}]"
        }
    },
    {
        "model": "admin.logentry",
        "pk": 131,
        "fields": {
            "action_time": "2024-09-28T08:14:13.612Z",
            "user": 21,
            "content_type": 8,
            "object_id": "Team Vitality",
            "object_repr": "Team Vitality",
            "action_flag": 2,
            "change_message": "[]"
        }
    },
    {
        "model": "admin.logentry",
        "pk": 132,
        "fields": {
            "action_time": "2024-09-28T08:15:33.416Z",
            "user": 21,
            "content_type": 8,
            "object_id": "Team Vitality",
            "object_repr": "Team Vitality",
            "action_flag": 2,
            "change_message": "[{\"changed\": {\"fields\": [\"Slug\"]}}]"
        }
    },
    {
        "model": "admin.logentry",
        "pk": 133,
        "fields": {
            "action_time": "2024-09-28T08:15:39.743Z",
            "user": 21,
            "content_type": 8,
            "object_id": "Team Heretics",
            "object_repr": "Team Heretics",
            "action_flag": 2,
            "change_message": "[{\"changed\": {\"fields\": [\"Slug\"]}}]"
        }
    },
    {
        "model": "admin.logentry",
        "pk": 134,
        "fields": {
            "action_time": "2024-09-28T08:15:46.720Z",
            "user": 21,
            "content_type": 8,
            "object_id": "Natus Vincere",
            "object_repr": "Natus Vincere",
            "action_flag": 2,
            "change_message": "[{\"changed\": {\"fields\": [\"Slug\"]}}]"
        }
    },
    {
        "model": "admin.logentry",
        "pk": 135,
        "fields": {
            "action_time": "2024-09-28T08:15:51.910Z",
            "user": 21,
            "content_type": 8,
            "object_id": "Liquid",
            "object_repr": "Liquid",
            "action_flag": 2,
            "change_message": "[{\"changed\": {\"fields\": [\"Slug\"]}}]"
        }
    },
    {
        "model": "admin.logentry",
        "pk": 136,
        "fields": {
            "action_time": "2024-09-28T08:15:58.817Z",
            "user": 21,
            "content_type": 8,
            "object_id": "Karmine Corp",
            "object_repr": "Karmine Corp",
            "action_flag": 2,
            "change_message": "[{\"changed\": {\"fields\": [\"Slug\"]}}]"
        }
    },
    {
        "model": "admin.logentry",
        "pk": 137,
        "fields": {
            "action_time": "2024-09-28T08:16:02.465Z",
            "user": 21,
            "content_type": 8,
            "object_id": "KOI",
            "object_repr": "KOI",
            "action_flag": 2,
            "change_message": "[{\"changed\": {\"fields\": [\"Slug\"]}}]"
        }
    },
    {
        "model": "admin.logentry",
        "pk": 138,
        "fields": {
            "action_time": "2024-09-28T08:16:07.574Z",
            "user": 21,
            "content_type": 8,
            "object_id": "Gentle Mates",
            "object_repr": "Gentle Mates",
            "action_flag": 2,
            "change_message": "[{\"changed\": {\"fields\": [\"Slug\"]}}]"
        }
    },
    {
        "model": "admin.logentry",
        "pk": 139,
        "fields": {
            "action_time": "2024-09-28T08:16:12.710Z",
            "user": 21,
            "content_type": 8,
            "object_id": "GIANTX",
            "object_repr": "GIANTX",
            "action_flag": 2,
            "change_message": "[{\"changed\": {\"fields\": [\"Slug\"]}}]"
        }
    },
    {
        "model": "admin.logentry",
        "pk": 140,
        "fields": {
            "action_time": "2024-09-28T08:16:17.252Z",
            "user": 21,
            "content_type": 8,
            "object_id": "Fnatic",
            "object_repr": "Fnatic",
            "action_flag": 2,
            "change_message": "[{\"changed\": {\"fields\": [\"Slug\"]}}]"
        }
    },
    {
        "model": "admin.logentry",
        "pk": 141,
        "fields": {
            "action_time": "2024-09-28T08:16:23.156Z",
            "user": 21,
            "content_type": 8,
            "object_id": "FUT Esports",
            "object_repr": "FUT Esports",
            "action_flag": 2,
            "change_message": "[{\"changed\": {\"fields\": [\"Slug\"]}}]"
        }
    },
    {
        "model": "admin.logentry",
        "pk": 142,
        "fields": {
            "action_time": "2024-09-28T08:16:26.371Z",
            "user": 21,
            "content_type": 8,
            "object_id": "BBL",
            "object_repr": "BBL",
            "action_flag": 2,
            "change_message": "[{\"changed\": {\"fields\": [\"Slug\"]}}]"
        }
    },
    {
        "model": "admin.logentry",
        "pk": 143,
        "fields": {
            "action_time": "2024-09-28T13:47:46.611Z",
            "user": 21,
            "content_type": 8,
            "object_id": "Apeks",
            "object_repr": "Apeks",
            "action_flag": 3,
            "change_message": ""
        }
    },
    {
        "model": "admin.logentry",
        "pk": 144,
        "fields": {
            "action_time": "2024-09-28T13:49:22.942Z",
            "user": 21,
            "content_type": 8,
            "object_id": "BigBlackLeha",
            "object_repr": "BigBlackLeha",
            "action_flag": 3,
            "change_message": ""
        }
    },
    {
        "model": "admin.logentry",
        "pk": 145,
        "fields": {
            "action_time": "2024-09-28T13:49:26.159Z",
            "user": 21,
            "content_type": 8,
            "object_id": "Apeks",
            "object_repr": "Apeks",
            "action_flag": 3,
            "change_message": ""
        }
    },
    {
        "model": "admin.logentry",
        "pk": 146,
        "fields": {
            "action_time": "2024-09-28T13:50:34.115Z",
            "user": 21,
            "content_type": 8,
            "object_id": "BigBlackLeha",
            "object_repr": "BigBlackLeha",
            "action_flag": 3,
            "change_message": ""
        }
    },
    {
        "model": "admin.logentry",
        "pk": 147,
        "fields": {
            "action_time": "2024-09-28T13:50:36.383Z",
            "user": 21,
            "content_type": 8,
            "object_id": "Apeks",
            "object_repr": "Apeks",
            "action_flag": 3,
            "change_message": ""
        }
    },
    {
        "model": "admin.logentry",
        "pk": 148,
        "fields": {
            "action_time": "2024-09-28T13:51:38.191Z",
            "user": 21,
            "content_type": 8,
            "object_id": "Apeks",
            "object_repr": "Apeks",
            "action_flag": 3,
            "change_message": ""
        }
    },
    {
        "model": "admin.logentry",
        "pk": 149,
        "fields": {
            "action_time": "2024-09-28T13:53:17.420Z",
            "user": 21,
            "content_type": 8,
            "object_id": "Apeks",
            "object_repr": "Apeks",
            "action_flag": 3,
            "change_message": ""
        }
    },
    {
        "model": "admin.logentry",
        "pk": 150,
        "fields": {
            "action_time": "2024-09-28T13:53:51.906Z",
            "user": 21,
            "content_type": 8,
            "object_id": "Apeks",
            "object_repr": "Apeks",
            "action_flag": 3,
            "change_message": ""
        }
    },
    {
        "model": "admin.logentry",
        "pk": 151,
        "fields": {
            "action_time": "2024-09-28T13:54:01.389Z",
            "user": 21,
            "content_type": 8,
            "object_id": "Apeks",
            "object_repr": "Apeks",
            "action_flag": 3,
            "change_message": ""
        }
    },
    {
        "model": "admin.logentry",
        "pk": 152,
        "fields": {
            "action_time": "2024-09-28T13:55:01.254Z",
            "user": 21,
            "content_type": 8,
            "object_id": "Apeks",
            "object_repr": "Apeks",
            "action_flag": 3,
            "change_message": ""
        }
    },
    {
        "model": "admin.logentry",
        "pk": 153,
        "fields": {
            "action_time": "2024-09-28T13:58:29.520Z",
            "user": 21,
            "content_type": 8,
            "object_id": "Apeks",
            "object_repr": "Apeks",
            "action_flag": 3,
            "change_message": ""
        }
    },
    {
        "model": "admin.logentry",
        "pk": 154,
        "fields": {
            "action_time": "2024-09-28T13:58:50.771Z",
            "user": 21,
            "content_type": 8,
            "object_id": "Apeks",
            "object_repr": "Apeks",
            "action_flag": 3,
            "change_message": ""
        }
    },
    {
        "model": "admin.logentry",
        "pk": 155,
        "fields": {
            "action_time": "2024-09-28T13:59:42.514Z",
            "user": 21,
            "content_type": 8,
            "object_id": "Apeks",
            "object_repr": "Apeks",
            "action_flag": 3,
            "change_message": ""
        }
    },
    {
        "model": "admin.logentry",
        "pk": 156,
        "fields": {
            "action_time": "2024-09-28T14:01:08.765Z",
            "user": 21,
            "content_type": 8,
            "object_id": "Apeks",
            "object_repr": "Apeks",
            "action_flag": 3,
            "change_message": ""
        }
    },
    {
        "model": "admin.logentry",
        "pk": 157,
        "fields": {
            "action_time": "2024-09-28T14:04:58.746Z",
            "user": 21,
            "content_type": 8,
            "object_id": "Apeks",
            "object_repr": "Apeks",
            "action_flag": 3,
            "change_message": ""
        }
    },
    {
        "model": "admin.logentry",
        "pk": 158,
        "fields": {
            "action_time": "2024-10-14T12:32:40.170Z",
            "user": 21,
            "content_type": 1,
            "object_id": "1",
            "object_repr": "dilozy",
            "action_flag": 1,
            "change_message": "[{\"added\": {}}]"
        }
    },
    {
        "model": "admin.logentry",
        "pk": 159,
        "fields": {
            "action_time": "2024-10-14T12:32:50.146Z",
            "user": 21,
            "content_type": 5,
            "object_id": "2",
            "object_repr": "test",
            "action_flag": 3,
            "change_message": ""
        }
    },
    {
        "model": "admin.logentry",
        "pk": 160,
        "fields": {
            "action_time": "2024-10-14T12:32:52.830Z",
            "user": 21,
            "content_type": 5,
            "object_id": "3",
            "object_repr": "test2",
            "action_flag": 3,
            "change_message": ""
        }
    },
    {
        "model": "admin.logentry",
        "pk": 161,
        "fields": {
            "action_time": "2024-10-14T12:32:55.204Z",
            "user": 21,
            "content_type": 5,
            "object_id": "4",
            "object_repr": "test3",
            "action_flag": 3,
            "change_message": ""
        }
    },
    {
        "model": "admin.logentry",
        "pk": 162,
        "fields": {
            "action_time": "2024-10-15T16:27:26.530Z",
            "user": 21,
            "content_type": 1,
            "object_id": "1",
            "object_repr": "dilozy",
            "action_flag": 2,
            "change_message": "[{\"changed\": {\"fields\": [\"Profile picture\"]}}]"
        }
    },
    {
        "model": "admin.logentry",
        "pk": 163,
        "fields": {
            "action_time": "2024-10-15T16:27:42.895Z",
            "user": 21,
            "content_type": 1,
            "object_id": "1",
            "object_repr": "dilozy",
            "action_flag": 2,
            "change_message": "[{\"changed\": {\"fields\": [\"Profile picture\"]}}]"
        }
    },
    {
        "model": "admin.logentry",
        "pk": 164,
        "fields": {
            "action_time": "2024-10-15T16:28:39.626Z",
            "user": 21,
            "content_type": 1,
            "object_id": "1",
            "object_repr": "dilozy",
            "action_flag": 2,
            "change_message": "[{\"changed\": {\"fields\": [\"Profile picture\"]}}]"
        }
    },
    {
        "model": "admin.logentry",
        "pk": 165,
        "fields": {
            "action_time": "2024-10-15T19:08:53.374Z",
            "user": 21,
            "content_type": 15,
            "object_id": "1",
            "object_repr": "dilozyebccefd0761d47f1",
            "action_flag": 3,
            "change_message": ""
        }
    },
    {
        "model": "admin.logentry",
        "pk": 166,
        "fields": {
            "action_time": "2024-10-15T19:09:06.166Z",
            "user": 21,
            "content_type": 5,
            "object_id": "6",
            "object_repr": "dilozyebccefd0761d47f1",
            "action_flag": 3,
            "change_message": ""
        }
    },
    {
        "model": "admin.logentry",
        "pk": 167,
        "fields": {
            "action_time": "2024-10-15T19:19:05.519Z",
            "user": 21,
            "content_type": 5,
            "object_id": "7",
            "object_repr": "dilozya92c5ddd8d78451e",
            "action_flag": 3,
            "change_message": ""
        }
    },
    {
        "model": "admin.logentry",
        "pk": 168,
        "fields": {
            "action_time": "2024-10-15T19:22:14.940Z",
            "user": 21,
            "content_type": 15,
            "object_id": "3",
            "object_repr": "dilozy28e01ed0239d4855",
            "action_flag": 3,
            "change_message": ""
        }
    },
    {
        "model": "admin.logentry",
        "pk": 169,
        "fields": {
            "action_time": "2024-10-15T19:22:22.271Z",
            "user": 21,
            "content_type": 1,
            "object_id": "5",
            "object_repr": "dilozy28e01ed0239d4855",
            "action_flag": 3,
            "change_message": ""
        }
    },
    {
        "model": "admin.logentry",
        "pk": 170,
        "fields": {
            "action_time": "2024-10-15T19:22:28.230Z",
            "user": 21,
            "content_type": 5,
            "object_id": "8",
            "object_repr": "dilozy28e01ed0239d4855",
            "action_flag": 3,
            "change_message": ""
        }
    },
    {
        "model": "admin.logentry",
        "pk": 171,
        "fields": {
            "action_time": "2024-10-23T09:32:31.035Z",
            "user": 21,
            "content_type": 9,
            "object_id": "77",
            "object_repr": "ttttt",
            "action_flag": 3,
            "change_message": ""
        }
    },
    {
        "model": "admin.logentry",
        "pk": 172,
        "fields": {
            "action_time": "2024-10-23T09:32:33.483Z",
            "user": 21,
            "content_type": 9,
            "object_id": "76",
            "object_repr": "wwwww",
            "action_flag": 3,
            "change_message": ""
        }
    },
    {
        "model": "admin.logentry",
        "pk": 173,
        "fields": {
            "action_time": "2024-10-23T09:32:35.621Z",
            "user": 21,
            "content_type": 9,
            "object_id": "75",
            "object_repr": "fefefef",
            "action_flag": 3,
            "change_message": ""
        }
    },
    {
        "model": "admin.logentry",
        "pk": 174,
        "fields": {
            "action_time": "2024-10-23T09:32:37.675Z",
            "user": 21,
            "content_type": 9,
            "object_id": "74",
            "object_repr": "www",
            "action_flag": 3,
            "change_message": ""
        }
    },
    {
        "model": "admin.logentry",
        "pk": 175,
        "fields": {
            "action_time": "2024-10-23T09:32:40.357Z",
            "user": 21,
            "content_type": 9,
            "object_id": "73",
            "object_repr": "dfgdfg",
            "action_flag": 3,
            "change_message": ""
        }
    },
    {
        "model": "admin.logentry",
        "pk": 176,
        "fields": {
            "action_time": "2024-10-23T09:32:42.504Z",
            "user": 21,
            "content_type": 9,
            "object_id": "72",
            "object_repr": "sdfsdf",
            "action_flag": 3,
            "change_message": ""
        }
    },
    {
        "model": "admin.logentry",
        "pk": 236,
        "fields": {
            "action_time": "2024-10-23T11:10:32.272Z",
            "user": 21,
            "content_type": 9,
            "object_id": "11",
            "object_repr": "Boaster",
            "action_flag": 2,
            "change_message": "[{\"changed\": {\"fields\": [\"Category\"]}}]"
        }
    },
    {
        "model": "admin.logentry",
        "pk": 237,
        "fields": {
            "action_time": "2024-10-23T11:10:35.426Z",
            "user": 21,
            "content_type": 9,
            "object_id": "12",
            "object_repr": "Derke",
            "action_flag": 2,
            "change_message": "[{\"changed\": {\"fields\": [\"Category\"]}}]"
        }
    },
    {
        "model": "admin.logentry",
        "pk": 238,
        "fields": {
            "action_time": "2024-10-23T11:10:38.483Z",
            "user": 21,
            "content_type": 9,
            "object_id": "13",
            "object_repr": "Alfajer",
            "action_flag": 2,
            "change_message": "[{\"changed\": {\"fields\": [\"Category\"]}}]"
        }
    },
    {
        "model": "admin.logentry",
        "pk": 239,
        "fields": {
            "action_time": "2024-10-23T11:10:41.972Z",
            "user": 21,
            "content_type": 9,
            "object_id": "14",
            "object_repr": "Chronicle",
            "action_flag": 2,
            "change_message": "[{\"changed\": {\"fields\": [\"Category\"]}}]"
        }
    },
    {
        "model": "admin.logentry",
        "pk": 240,
        "fields": {
            "action_time": "2024-10-23T11:10:45.016Z",
            "user": 21,
            "content_type": 9,
            "object_id": "15",
            "object_repr": "hiro",
            "action_flag": 2,
            "change_message": "[{\"changed\": {\"fields\": [\"Category\"]}}]"
        }
    },
    {
        "model": "admin.logentry",
        "pk": 241,
        "fields": {
            "action_time": "2024-10-23T11:10:48.094Z",
            "user": 21,
            "content_type": 9,
            "object_id": "16",
            "object_repr": "Boo",
            "action_flag": 2,
            "change_message": "[{\"changed\": {\"fields\": [\"Category\"]}}]"
        }
    },
    {
        "model": "admin.logentry",
        "pk": 242,
        "fields": {
            "action_time": "2024-10-23T11:10:51.521Z",
            "user": 21,
            "content_type": 9,
            "object_id": "17",
            "object_repr": "benjyfishy",
            "action_flag": 2,
            "change_message": "[{\"changed\": {\"fields\": [\"Category\"]}}]"
        }
    },
    {
        "model": "admin.logentry",
        "pk": 243,
        "fields": {
            "action_time": "2024-10-23T11:10:55.183Z",
            "user": 21,
            "content_type": 9,
            "object_id": "18",
            "object_repr": "MiniBoo",
            "action_flag": 2,
            "change_message": "[{\"changed\": {\"fields\": [\"Category\"]}}]"
        }
    },
    {
        "model": "admin.logentry",
        "pk": 244,
        "fields": {
            "action_time": "2024-10-23T11:10:58.761Z",
            "user": 21,
            "content_type": 9,
            "object_id": "19",
            "object_repr": "RieNs",
            "action_flag": 2,
            "change_message": "[{\"changed\": {\"fields\": [\"Category\"]}}]"
        }
    },
    {
        "model": "admin.logentry",
        "pk": 245,
        "fields": {
            "action_time": "2024-10-23T11:11:02.092Z",
            "user": 21,
            "content_type": 9,
            "object_id": "20",
            "object_repr": "Wo0t",
            "action_flag": 2,
            "change_message": "[{\"changed\": {\"fields\": [\"Category\"]}}]"
        }
    },
    {
        "model": "admin.logentry",
        "pk": 246,
        "fields": {
            "action_time": "2024-10-23T11:11:05.733Z",
            "user": 21,
            "content_type": 9,
            "object_id": "21",
            "object_repr": "MrFaliN",
            "action_flag": 2,
            "change_message": "[{\"changed\": {\"fields\": [\"Category\"]}}]"
        }
    },
    {
        "model": "admin.logentry",
        "pk": 247,
        "fields": {
            "action_time": "2024-10-23T11:11:09.495Z",
            "user": 21,
            "content_type": 9,
            "object_id": "22",
            "object_repr": "qRaxs",
            "action_flag": 2,
            "change_message": "[{\"changed\": {\"fields\": [\"Category\"]}}]"
        }
    },
    {
        "model": "admin.logentry",
        "pk": 248,
        "fields": {
            "action_time": "2024-10-23T11:11:13.317Z",
            "user": 21,
            "content_type": 9,
            "object_id": "23",
            "object_repr": "ATA KAPTAN",
            "action_flag": 2,
            "change_message": "[{\"changed\": {\"fields\": [\"Category\"]}}]"
        }
    },
    {
        "model": "admin.logentry",
        "pk": 249,
        "fields": {
            "action_time": "2024-10-23T11:11:16.476Z",
            "user": 21,
            "content_type": 9,
            "object_id": "25",
            "object_repr": "yetujey",
            "action_flag": 2,
            "change_message": "[{\"changed\": {\"fields\": [\"Category\"]}}]"
        }
    },
    {
        "model": "admin.logentry",
        "pk": 250,
        "fields": {
            "action_time": "2024-10-23T11:11:19.738Z",
            "user": 21,
            "content_type": 9,
            "object_id": "26",
            "object_repr": "cNed",
            "action_flag": 2,
            "change_message": "[{\"changed\": {\"fields\": [\"Category\"]}}]"
        }
    },
    {
        "model": "admin.logentry",
        "pk": 251,
        "fields": {
            "action_time": "2024-10-23T11:11:23.254Z",
            "user": 21,
            "content_type": 9,
            "object_id": "27",
            "object_repr": "Shin",
            "action_flag": 2,
            "change_message": "[{\"changed\": {\"fields\": [\"Category\"]}}]"
        }
    },
    {
        "model": "admin.logentry",
        "pk": 252,
        "fields": {
            "action_time": "2024-10-23T11:11:26.276Z",
            "user": 21,
            "content_type": 9,
            "object_id": "28",
            "object_repr": "Magnum",
            "action_flag": 2,
            "change_message": "[{\"changed\": {\"fields\": [\"Category\"]}}]"
        }
    },
    {
        "model": "admin.logentry",
        "pk": 253,
        "fields": {
            "action_time": "2024-10-23T11:11:30.439Z",
            "user": 21,
            "content_type": 9,
            "object_id": "29",
            "object_repr": "marteen",
            "action_flag": 2,
            "change_message": "[{\"changed\": {\"fields\": [\"Category\"]}}]"
        }
    },
    {
        "model": "admin.logentry",
        "pk": 254,
        "fields": {
            "action_time": "2024-10-23T11:11:36.042Z",
            "user": 21,
            "content_type": 9,
            "object_id": "30",
            "object_repr": "N4RRATE",
            "action_flag": 2,
            "change_message": "[{\"changed\": {\"fields\": [\"Category\"]}}]"
        }
    },
    {
        "model": "admin.logentry",
        "pk": 255,
        "fields": {
            "action_time": "2024-10-23T11:11:40.517Z",
            "user": 21,
            "content_type": 9,
            "object_id": "31",
            "object_repr": "tomaszy",
            "action_flag": 2,
            "change_message": "[{\"changed\": {\"fields\": [\"Category\"]}}]"
        }
    },
    {
        "model": "admin.logentry",
        "pk": 256,
        "fields": {
            "action_time": "2024-10-23T11:11:45.317Z",
            "user": 21,
            "content_type": 9,
            "object_id": "32",
            "object_repr": "ANGE1",
            "action_flag": 2,
            "change_message": "[{\"changed\": {\"fields\": [\"Category\"]}}]"
        }
    },
    {
        "model": "admin.logentry",
        "pk": 257,
        "fields": {
            "action_time": "2024-10-23T11:11:49.252Z",
            "user": 21,
            "content_type": 9,
            "object_id": "33",
            "object_repr": "SUYGETSU",
            "action_flag": 2,
            "change_message": "[{\"changed\": {\"fields\": [\"Category\"]}}]"
        }
    },
    {
        "model": "admin.logentry",
        "pk": 258,
        "fields": {
            "action_time": "2024-10-23T11:11:54.166Z",
            "user": 21,
            "content_type": 9,
            "object_id": "34",
            "object_repr": "Shao",
            "action_flag": 2,
            "change_message": "[{\"changed\": {\"fields\": [\"Category\"]}}]"
        }
    },
    {
        "model": "admin.logentry",
        "pk": 259,
        "fields": {
            "action_time": "2024-10-23T11:11:59.126Z",
            "user": 21,
            "content_type": 9,
            "object_id": "35",
            "object_repr": "Zyppan",
            "action_flag": 2,
            "change_message": "[{\"changed\": {\"fields\": [\"Category\"]}}]"
        }
    },
    {
        "model": "admin.logentry",
        "pk": 260,
        "fields": {
            "action_time": "2024-10-23T11:12:04.515Z",
            "user": 21,
            "content_type": 9,
            "object_id": "36",
            "object_repr": "ardiis",
            "action_flag": 2,
            "change_message": "[{\"changed\": {\"fields\": [\"Category\"]}}]"
        }
    },
    {
        "model": "admin.logentry",
        "pk": 261,
        "fields": {
            "action_time": "2024-10-23T11:12:07.939Z",
            "user": 21,
            "content_type": 9,
            "object_id": "37",
            "object_repr": "beyAz",
            "action_flag": 2,
            "change_message": "[{\"changed\": {\"fields\": [\"Category\"]}}]"
        }
    },
    {
        "model": "admin.logentry",
        "pk": 262,
        "fields": {
            "action_time": "2024-10-23T11:12:12.279Z",
            "user": 21,
            "content_type": 9,
            "object_id": "38",
            "object_repr": "nataNk",
            "action_flag": 2,
            "change_message": "[{\"changed\": {\"fields\": [\"Category\"]}}]"
        }
    },
    {
        "model": "admin.logentry",
        "pk": 263,
        "fields": {
            "action_time": "2024-10-23T11:12:16.706Z",
            "user": 21,
            "content_type": 9,
            "object_id": "39",
            "object_repr": "TakaS",
            "action_flag": 2,
            "change_message": "[{\"changed\": {\"fields\": [\"Category\"]}}]"
        }
    },
    {
        "model": "admin.logentry",
        "pk": 264,
        "fields": {
            "action_time": "2024-10-23T11:12:21.212Z",
            "user": 21,
            "content_type": 9,
            "object_id": "40",
            "object_repr": "Wailers",
            "action_flag": 2,
            "change_message": "[{\"changed\": {\"fields\": [\"Category\"]}}]"
        }
    },
    {
        "model": "admin.logentry",
        "pk": 265,
        "fields": {
            "action_time": "2024-10-23T11:12:26.091Z",
            "user": 21,
            "content_type": 9,
            "object_id": "41",
            "object_repr": "kAdavra",
            "action_flag": 2,
            "change_message": "[{\"changed\": {\"fields\": [\"Category\"]}}]"
        }
    },
    {
        "model": "admin.logentry",
        "pk": 266,
        "fields": {
            "action_time": "2024-10-23T11:12:30.413Z",
            "user": 21,
            "content_type": 9,
            "object_id": "42",
            "object_repr": "ceNder",
            "action_flag": 2,
            "change_message": "[{\"changed\": {\"fields\": [\"Category\"]}}]"
        }
    },
    {
        "model": "admin.logentry",
        "pk": 267,
        "fields": {
            "action_time": "2024-10-23T11:12:33.883Z",
            "user": 21,
            "content_type": 9,
            "object_id": "43",
            "object_repr": "runneR",
            "action_flag": 2,
            "change_message": "[{\"changed\": {\"fields\": [\"Category\"]}}]"
        }
    },
    {
        "model": "admin.logentry",
        "pk": 268,
        "fields": {
            "action_time": "2024-10-23T11:12:37.528Z",
            "user": 21,
            "content_type": 9,
            "object_id": "44",
            "object_repr": "Kicks",
            "action_flag": 2,
            "change_message": "[{\"changed\": {\"fields\": [\"Category\"]}}]"
        }
    },
    {
        "model": "admin.logentry",
        "pk": 269,
        "fields": {
            "action_time": "2024-10-23T11:12:41.220Z",
            "user": 21,
            "content_type": 9,
            "object_id": "45",
            "object_repr": "Sayf",
            "action_flag": 2,
            "change_message": "[{\"changed\": {\"fields\": [\"Category\"]}}]"
        }
    },
    {
        "model": "admin.logentry",
        "pk": 270,
        "fields": {
            "action_time": "2024-10-23T11:12:43.999Z",
            "user": 21,
            "content_type": 9,
            "object_id": "46",
            "object_repr": "trexx",
            "action_flag": 2,
            "change_message": "[]"
        }
    },
    {
        "model": "admin.logentry",
        "pk": 271,
        "fields": {
            "action_time": "2024-10-23T11:12:45.991Z",
            "user": 21,
            "content_type": 9,
            "object_id": "38",
            "object_repr": "nataNk",
            "action_flag": 2,
            "change_message": "[]"
        }
    },
    {
        "model": "admin.logentry",
        "pk": 272,
        "fields": {
            "action_time": "2024-11-05T16:40:07.477Z",
            "user": 21,
            "content_type": 11,
            "object_id": "3",
            "object_repr": "Youtube video URL with ID PtUbQsHJzUE",
            "action_flag": 1,
            "change_message": "[{\"added\": {}}]"
        }
    },
    {
        "model": "admin.logentry",
        "pk": 273,
        "fields": {
            "action_time": "2024-11-05T16:43:20.923Z",
            "user": 21,
            "content_type": 11,
            "object_id": "1",
            "object_repr": "Youtube video URL with ID ExBFrOTlAn8",
            "action_flag": 2,
            "change_message": "[{\"changed\": {\"fields\": [\"Video title\"]}}]"
        }
    },
    {
        "model": "admin.logentry",
        "pk": 274,
        "fields": {
            "action_time": "2024-11-05T16:43:42.300Z",
            "user": 21,
            "content_type": 11,
            "object_id": "2",
            "object_repr": "Youtube video URL with ID IqJArmqhYr4",
            "action_flag": 2,
            "change_message": "[{\"changed\": {\"fields\": [\"Video title\"]}}]"
        }
    },
    {
        "model": "admin.logentry",
        "pk": 275,
        "fields": {
            "action_time": "2024-11-05T16:43:55.659Z",
            "user": 21,
            "content_type": 11,
            "object_id": "1",
            "object_repr": "Youtube video URL with ID ExBFrOTlAn8",
            "action_flag": 2,
            "change_message": "[]"
        }
    },
    {
        "model": "admin.logentry",
        "pk": 276,
        "fields": {
            "action_time": "2024-11-05T16:43:56.980Z",
            "user": 21,
            "content_type": 11,
            "object_id": "2",
            "object_repr": "Youtube video URL with ID IqJArmqhYr4",
            "action_flag": 2,
            "change_message": "[]"
        }
    },
    {
        "model": "admin.logentry",
        "pk": 277,
        "fields": {
            "action_time": "2024-11-05T16:44:02.169Z",
            "user": 21,
            "content_type": 11,
            "object_id": "3",
            "object_repr": "Youtube video URL with ID PtUbQsHJzUE",
            "action_flag": 2,
            "change_message": "[{\"changed\": {\"fields\": [\"Video title\"]}}]"
        }
    },
    {
        "model": "admin.logentry",
        "pk": 278,
        "fields": {
            "action_time": "2024-11-05T16:44:20.134Z",
            "user": 21,
            "content_type": 11,
            "object_id": "2",
            "object_repr": "Youtube video URL with ID IqJArmqhYr4",
            "action_flag": 2,
            "change_message": "[{\"changed\": {\"fields\": [\"Video title\"]}}]"
        }
    },
    {
        "model": "admin.logentry",
        "pk": 279,
        "fields": {
            "action_time": "2024-11-05T17:37:49.721Z",
            "user": 21,
            "content_type": 11,
            "object_id": "2",
            "object_repr": "Youtube video: 4k Ghost at Champs",
            "action_flag": 2,
            "change_message": "[{\"changed\": {\"fields\": [\"Youtube API snippet\"]}}]"
        }
    },
    {
        "model": "admin.logentry",
        "pk": 280,
        "fields": {
            "action_time": "2024-11-05T17:38:16.444Z",
            "user": 21,
            "content_type": 11,
            "object_id": "1",
            "object_repr": "Youtube video: Double kill against NRG",
            "action_flag": 2,
            "change_message": "[]"
        }
    },
    {
        "model": "admin.logentry",
        "pk": 281,
        "fields": {
            "action_time": "2024-11-05T17:38:20.840Z",
            "user": 21,
            "content_type": 11,
            "object_id": "2",
            "object_repr": "Youtube video: 4k Ghost at Champs",
            "action_flag": 2,
            "change_message": "[]"
        }
    },
    {
        "model": "admin.logentry",
        "pk": 282,
        "fields": {
            "action_time": "2024-11-05T17:38:38.049Z",
            "user": 21,
            "content_type": 11,
            "object_id": "3",
            "object_repr": "Youtube video: Insane knives ACE against FURIA",
            "action_flag": 2,
            "change_message": "[{\"changed\": {\"fields\": [\"Youtube API snippet\"]}}]"
        }
    },
    {
        "model": "admin.logentry",
        "pk": 283,
        "fields": {
            "action_time": "2024-11-05T18:23:29.780Z",
            "user": 21,
            "content_type": 11,
            "object_id": "3",
            "object_repr": "Youtube video: Insane knives ACE against FURIA",
            "action_flag": 2,
            "change_message": "[{\"changed\": {\"fields\": [\"Video url\", \"Snippet\"]}}]"
        }
    },
    {
        "model": "admin.logentry",
        "pk": 284,
        "fields": {
            "action_time": "2024-11-05T18:24:28.451Z",
            "user": 21,
            "content_type": 11,
            "object_id": "2",
            "object_repr": "Youtube video: 4k Ghost at Champs",
            "action_flag": 2,
            "change_message": "[{\"changed\": {\"fields\": [\"Video url\", \"Snippet\"]}}]"
        }
    },
    {
        "model": "admin.logentry",
        "pk": 285,
        "fields": {
            "action_time": "2024-11-05T18:24:34.391Z",
            "user": 21,
            "content_type": 11,
            "object_id": "4",
            "object_repr": "Youtube video: Champions Grand Final Guardian 4k",
            "action_flag": 2,
            "change_message": "[{\"changed\": {\"fields\": [\"Video title\"]}}]"
        }
    },
    {
        "model": "admin.logentry",
        "pk": 286,
        "fields": {
            "action_time": "2024-11-05T18:25:17.321Z",
            "user": 21,
            "content_type": 11,
            "object_id": "1",
            "object_repr": "Youtube video: Double kill against NRG",
            "action_flag": 2,
            "change_message": "[{\"changed\": {\"fields\": [\"Video url\", \"Snippet\"]}}]"
        }
    },
    {
        "model": "admin.logentry",
        "pk": 287,
        "fields": {
            "action_time": "2024-11-06T08:10:02.628Z",
            "user": 21,
            "content_type": 11,
            "object_id": "5",
            "object_repr": "Youtube video: Champions Grand Final Guardian 4k",
            "action_flag": 2,
            "change_message": "[{\"changed\": {\"fields\": [\"Video url\"]}}]"
        }
    },
    {
        "model": "admin.logentry",
        "pk": 288,
        "fields": {
            "action_time": "2024-11-06T08:10:05.071Z",
            "user": 21,
            "content_type": 11,
            "object_id": "6",
            "object_repr": "Youtube video: Double kill against NRG",
            "action_flag": 2,
            "change_message": "[]"
        }
    },
    {
        "model": "admin.logentry",
        "pk": 289,
        "fields": {
            "action_time": "2024-11-06T08:13:15.725Z",
            "user": 21,
            "content_type": 11,
            "object_id": "5",
            "object_repr": "Youtube video: Champions Grand Final Guardian 3k",
            "action_flag": 2,
            "change_message": "[{\"changed\": {\"fields\": [\"Video title\"]}}]"
        }
    },
    {
        "model": "admin.logentry",
        "pk": 290,
        "fields": {
            "action_time": "2024-11-06T08:44:46.344Z",
            "user": 21,
            "content_type": 9,
            "object_id": "75",
            "object_repr": "rgrfgf",
            "action_flag": 3,
            "change_message": ""
        }
    },
    {
        "model": "admin.logentry",
        "pk": 291,
        "fields": {
            "action_time": "2024-11-06T08:44:48.599Z",
            "user": 21,
            "content_type": 9,
            "object_id": "74",
            "object_repr": "GDGFDG",
            "action_flag": 3,
            "change_message": ""
        }
    },
    {
        "model": "admin.logentry",
        "pk": 292,
        "fields": {
            "action_time": "2024-11-06T08:44:50.814Z",
            "user": 21,
            "content_type": 9,
            "object_id": "73",
            "object_repr": "-0-0-0-0-0",
            "action_flag": 3,
            "change_message": ""
        }
    },
    {
        "model": "admin.logentry",
        "pk": 293,
        "fields": {
            "action_time": "2024-11-06T08:44:53.072Z",
            "user": 21,
            "content_type": 9,
            "object_id": "72",
            "object_repr": "Aboba",
            "action_flag": 3,
            "change_message": ""
        }
    },
    {
        "model": "admin.logentry",
        "pk": 294,
        "fields": {
            "action_time": "2024-11-10T09:46:31.789Z",
            "user": 21,
            "content_type": 4,
            "object_id": "1",
            "object_repr": "moderator",
            "action_flag": 1,
            "change_message": "[{\"added\": {}}]"
        }
    },
    {
        "model": "auth.group",
        "pk": 1,
        "fields": {
            "name": "moderator",
            "permissions": [
                37,
                38,
                39,
                40,
                41,
                42,
                43,
                44,
                33,
                34,
                35,
                36,
                73,
                74,
                75,
                76,
                29,
                30,
                31,
                32
            ]
        }
    },
    {
        "model": "auth.user",
        "pk": 21,
        "fields": {
            "password": "pbkdf2_sha256$870000$lXev14ldbfR1uT2kCoRJHO$3kqk7LfwW+7z8dw18kTGjxoC++jpViCnjeSJfmOilNA=",
            "last_login": "2024-11-10T10:07:23.831Z",
            "is_superuser": true,
            "username": "dilozy",
            "first_name": "",
            "last_name": "",
            "email": "denfil228@yandex.ru",
            "is_staff": true,
            "is_active": true,
            "date_joined": "2024-09-25T11:09:19.237Z",
            "groups": [],
            "user_permissions": []
        }
    },
    {
        "model": "auth.user",
        "pk": 22,
        "fields": {
            "password": "pbkdf2_sha256$870000$O7mbUTQOBkDLurYZq05T26$jWm+KcCbyTQ+D01ZCzj0m4AXOVDnUVgNdgNZk2YL/ZI=",
            "last_login": "2024-10-15T16:37:10.745Z",
            "is_superuser": false,
            "username": "test5",
            "first_name": "test",
            "last_name": "test",
            "email": "denfil228@yandex.ru",
            "is_staff": false,
            "is_active": true,
            "date_joined": "2024-10-15T16:36:02.214Z",
            "groups": [],
            "user_permissions": []
        }
    },
    {
        "model": "auth.user",
        "pk": 23,
        "fields": {
            "password": "pbkdf2_sha256$870000$FFwCtyXoxybt6RKSzzMv9Y$FdPnp6Wa6WKcpBZS0iHTxuGNGUNxdWPKdowbEBXoa9o=",
            "last_login": null,
            "is_superuser": false,
            "username": "seconduser",
            "first_name": "",
            "last_name": "",
            "email": "secondemail@yandex.ru",
            "is_staff": false,
            "is_active": true,
            "date_joined": "2024-10-22T09:46:21.730Z",
            "groups": [],
            "user_permissions": []
        }
    },
    {
        "model": "auth.user",
        "pk": 24,
        "fields": {
            "password": "pbkdf2_sha256$870000$m5elczzFlt6YNmTy4y9FJT$eciE4Ye7Kso7beIeziP/N/rXwgWU+ItcH4OXBaQDN9U=",
            "last_login": "2024-11-10T10:01:17.615Z",
            "is_superuser": false,
            "username": "dilozy2",
            "first_name": "Den",
            "last_name": "Fill",
            "email": "denfil228@yandex.ru",
            "is_staff": false,
            "is_active": true,
            "date_joined": "2024-11-04T11:24:14.150Z",
            "groups": [],
            "user_permissions": []
        }
    },
    {
        "model": "auth.user",
        "pk": 25,
        "fields": {
            "password": "pbkdf2_sha256$870000$971co7XbQlrvsrHgh25utT$NGBsBZVY8rJc33KEcpW+XnXfz4sTxjJ1V/NSLzxCVLY=",
            "last_login": "2024-11-10T10:03:21.768Z",
            "is_superuser": false,
            "username": "testperm",
            "first_name": "Test",
            "last_name": "Testov",
            "email": "denfil228@yandex.ru",
            "is_staff": false,
            "is_active": true,
            "date_joined": "2024-11-10T10:03:11.864Z",
            "groups": [],
            "user_permissions": []
        }
    },
    {
        "model": "pro_players.region",
        "pk": 1,
        "fields": {
            "name": "EMEA"
        }
    },
    {
        "model": "pro_players.region",
        "pk": 2,
        "fields": {
            "name": "Americas"
        }
    },
    {
        "model": "pro_players.region",
        "pk": 3,
        "fields": {
            "name": "Pacific"
        }
    },
    {
        "model": "pro_players.region",
        "pk": 4,
        "fields": {
            "name": "China"
        }
    },
    {
        "model": "pro_players.team",
        "pk": "Abobus",
        "fields": {
            "region": 1,
            "slug": "abobus"
        }
    },
    {
        "model": "pro_players.team",
        "pk": "Apeks",
        "fields": {
            "region": 1,
            "slug": "apeks"
        }
    },
    {
        "model": "pro_players.team",
        "pk": "BBL",
        "fields": {
            "region": 1,
            "slug": "bbl"
        }
    },
    {
        "model": "pro_players.team",
        "pk": "Fnatic",
        "fields": {
            "region": 1,
            "slug": "fnatic"
        }
    },
    {
        "model": "pro_players.team",
        "pk": "FUT Esports",
        "fields": {
            "region": 1,
            "slug": "fut-esports"
        }
    },
    {
        "model": "pro_players.team",
        "pk": "Gentle Mates",
        "fields": {
            "region": 1,
            "slug": "gentle-mates"
        }
    },
    {
        "model": "pro_players.team",
        "pk": "GIANTX",
        "fields": {
            "region": 1,
            "slug": "giantx"
        }
    },
    {
        "model": "pro_players.team",
        "pk": "Karmine Corp",
        "fields": {
            "region": 1,
            "slug": "karmine-corp"
        }
    },
    {
        "model": "pro_players.team",
        "pk": "KOI",
        "fields": {
            "region": 1,
            "slug": "koi"
        }
    },
    {
        "model": "pro_players.team",
        "pk": "Liquid",
        "fields": {
            "region": 1,
            "slug": "liquid"
        }
    },
    {
        "model": "pro_players.team",
        "pk": "Natus Vincere",
        "fields": {
            "region": 1,
            "slug": "natus-vincere"
        }
    },
    {
        "model": "pro_players.team",
        "pk": "Sentinels",
        "fields": {
            "region": 2,
            "slug": "sentinels"
        }
    },
    {
        "model": "pro_players.team",
        "pk": "Team Heretics",
        "fields": {
            "region": 1,
            "slug": "team-heretics"
        }
    },
    {
        "model": "pro_players.team",
        "pk": "Team Vitality",
        "fields": {
            "region": 1,
            "slug": "team-vitality"
        }
    },
    {
        "model": "pro_players.player",
        "pk": 1,
        "fields": {
            "full_name": "Ayaz Akhmetshin",
            "in_game_name": "nAts",
            "in_game_role": "Sentinel",
            "team": "Liquid",
            "twitter_link": "https://x.com/nAts__ss",
            "twitch_link": "https://www.twitch.tv/nats",
            "slug": "nats"
        }
    },
    {
        "model": "pro_players.player",
        "pk": 2,
        "fields": {
            "full_name": "Elias Olkkonen",
            "in_game_name": "Jamppi",
            "in_game_role": "Flex",
            "team": "Liquid",
            "twitter_link": "https://twitter.com/Jamppi_",
            "twitch_link": "https://www.twitch.tv/superjamppi",
            "slug": "jamppi"
        }
    },
    {
        "model": "pro_players.player",
        "pk": 4,
        "fields": {
            "full_name": "Georgio Sanassy",
            "in_game_name": "Keiko",
            "in_game_role": "Duelist",
            "team": "Liquid",
            "twitter_link": "https://twitter.com/keikofps",
            "twitch_link": "https://www.twitch.tv/keikoval",
            "slug": "keiko"
        }
    },
    {
        "model": "pro_players.player",
        "pk": 5,
        "fields": {
            "full_name": "James Orfila",
            "in_game_name": "Mistic",
            "in_game_role": "Smoker",
            "team": null,
            "twitter_link": "https://twitter.com/MisticJK",
            "twitch_link": "https://www.twitch.tv/mistic",
            "slug": "mistic"
        }
    },
    {
        "model": "pro_players.player",
        "pk": 6,
        "fields": {
            "full_name": "Doukan Dural",
            "in_game_name": "QutionerX",
            "in_game_role": "Duelist",
            "team": "BBL",
            "twitter_link": "https://twitter.com/QutionerX",
            "twitch_link": "https://www.twitch.tv/qutionerx",
            "slug": "qutionerx"
        }
    },
    {
        "model": "pro_players.player",
        "pk": 7,
        "fields": {
            "full_name": "Eren Kasrga",
            "in_game_name": "Brave",
            "in_game_role": "Smoker",
            "team": null,
            "twitter_link": "https://twitter.com/erenbrave",
            "twitch_link": "https://www.twitch.tv/bravevl",
            "slug": "brave"
        }
    },
    {
        "model": "pro_players.player",
        "pk": 8,
        "fields": {
            "full_name": "Efe Teber",
            "in_game_name": "Elite",
            "in_game_role": "Sentinel",
            "team": "BBL",
            "twitter_link": "https://twitter.com/elitevll",
            "twitch_link": "https://www.twitch.tv/elitedak1ng",
            "slug": "elite"
        }
    },
    {
        "model": "pro_players.player",
        "pk": 9,
        "fields": {
            "full_name": "Melih Karaduran",
            "in_game_name": "pAura",
            "in_game_role": "Initiator",
            "team": "BBL",
            "twitter_link": "https://twitter.com/pAuraVL",
            "twitch_link": "https://www.twitch.tv/pauraVL",
            "slug": "paura"
        }
    },
    {
        "model": "pro_players.player",
        "pk": 10,
        "fields": {
            "full_name": "Kaan rpek",
            "in_game_name": "reazy",
            "in_game_role": "Flex",
            "team": "BBL",
            "twitter_link": "https://twitter.com/reazyVL",
            "twitch_link": "https://www.twitch.tv/reazyvl",
            "slug": "reazy"
        }
    },
    {
        "model": "pro_players.player",
        "pk": 11,
        "fields": {
            "full_name": "Jake Howlett",
            "in_game_name": "Boaster",
            "in_game_role": "IGL",
            "team": "Fnatic",
            "twitter_link": "https://twitter.com/OfficialBoaster",
            "twitch_link": "https://www.twitch.tv/OfficialBoaster",
            "slug": "boaster"
        }
    },
    {
        "model": "pro_players.player",
        "pk": 12,
        "fields": {
            "full_name": "Nikita Sirmitev",
            "in_game_name": "Derke",
            "in_game_role": "Duelist",
            "team": "Fnatic",
            "twitter_link": "https://twitter.com/Derke",
            "twitch_link": "https://www.twitch.tv/derke",
            "slug": "derke"
        }
    },
    {
        "model": "pro_players.player",
        "pk": 13,
        "fields": {
            "full_name": "Emir Ali Beder",
            "in_game_name": "Alfajer",
            "in_game_role": "Sentinel",
            "team": "Fnatic",
            "twitter_link": "https://twitter.com/Alfajervl",
            "twitch_link": "https://www.twitch.tv/Alfajer",
            "slug": "alfajer"
        }
    },
    {
        "model": "pro_players.player",
        "pk": 14,
        "fields": {
            "full_name": "Timofey Khromov",
            "in_game_name": "Chronicle",
            "in_game_role": "Flex",
            "team": "Fnatic",
            "twitter_link": "https://twitter.com/chronicleEZ",
            "twitch_link": "https://www.twitch.tv/chronicle",
            "slug": "chronicle"
        }
    },
    {
        "model": "pro_players.player",
        "pk": 15,
        "fields": {
            "full_name": "Emirhan Kat",
            "in_game_name": "hiro",
            "in_game_role": "Flex",
            "team": "Fnatic",
            "twitter_link": "https://twitter.com/hiroaims",
            "twitch_link": "https://www.twitch.tv/hiroaim",
            "slug": "hiro"
        }
    },
    {
        "model": "pro_players.player",
        "pk": 16,
        "fields": {
            "full_name": "Riardas Lukaeviius",
            "in_game_name": "Boo",
            "in_game_role": "IGL",
            "team": "Team Heretics",
            "twitter_link": "https://twitter.com/BooVAL1",
            "twitch_link": "https://www.twitch.tv/booval",
            "slug": "boo"
        }
    },
    {
        "model": "pro_players.player",
        "pk": 17,
        "fields": {
            "full_name": "Benjy David Fish",
            "in_game_name": "benjyfishy",
            "in_game_role": "Sentinel",
            "team": "Team Heretics",
            "twitter_link": "https://twitter.com/benjyfishy",
            "twitch_link": "https://www.twitch.tv/benjyfishy",
            "slug": "benjyfishy"
        }
    },
    {
        "model": "pro_players.player",
        "pk": 18,
        "fields": {
            "full_name": "Dominykas Lukaeviius",
            "in_game_name": "MiniBoo",
            "in_game_role": "Duelist",
            "team": "Team Heretics",
            "twitter_link": "https://twitter.com/M1niBoo",
            "twitch_link": "https://www.twitch.tv/minibo0",
            "slug": "miniboo"
        }
    },
    {
        "model": "pro_players.player",
        "pk": 19,
        "fields": {
            "full_name": "Enes Ecirli",
            "in_game_name": "RieNs",
            "in_game_role": "Flex",
            "team": "Team Heretics",
            "twitter_link": "https://twitter.com/RieNsfps",
            "twitch_link": "https://www.twitch.tv/riensfps",
            "slug": "riens"
        }
    },
    {
        "model": "pro_players.player",
        "pk": 20,
        "fields": {
            "full_name": "Mert Alkan",
            "in_game_name": "Wo0t",
            "in_game_role": "Flex",
            "team": "Team Heretics",
            "twitter_link": "https://twitter.com/WootVL",
            "twitch_link": "https://www.twitch.tv/wootvl",
            "slug": "wo0t"
        }
    },
    {
        "model": "pro_players.player",
        "pk": 21,
        "fields": {
            "full_name": "Furkan Yeen",
            "in_game_name": "MrFaliN",
            "in_game_role": "Flex",
            "team": "FUT Esports",
            "twitter_link": "https://twitter.com/MrFaliN",
            "twitch_link": "https://www.twitch.tv/mrfalin",
            "slug": "mrfalin"
        }
    },
    {
        "model": "pro_players.player",
        "pk": 22,
        "fields": {
            "full_name": "Doukan Balaban",
            "in_game_name": "qRaxs",
            "in_game_role": "Initiator",
            "team": "FUT Esports",
            "twitter_link": "https://twitter.com/qRaxs_",
            "twitch_link": "https://www.twitch.tv/qraxs",
            "slug": "qraxs"
        }
    },
    {
        "model": "pro_players.player",
        "pk": 23,
        "fields": {
            "full_name": "Ata Tan",
            "in_game_name": "ATA KAPTAN",
            "in_game_role": "Smoker",
            "team": "FUT Esports",
            "twitter_link": "https://twitter.com/AtaKaptanVL",
            "twitch_link": "https://www.twitch.tv/atakaptanvl",
            "slug": "ata-kaptan"
        }
    },
    {
        "model": "pro_players.player",
        "pk": 25,
        "fields": {
            "full_name": "Eray Budak",
            "in_game_name": "yetujey",
            "in_game_role": "Sentinel",
            "team": "FUT Esports",
            "twitter_link": "https://twitter.com/yetujey",
            "twitch_link": null,
            "slug": "yetujey"
        }
    },
    {
        "model": "pro_players.player",
        "pk": 26,
        "fields": {
            "full_name": "Mehmet Yaz pek",
            "in_game_name": "cNed",
            "in_game_role": "Duelist",
            "team": "FUT Esports",
            "twitter_link": "https://twitter.com/cNedf0r",
            "twitch_link": "https://www.twitch.tv/cNed",
            "slug": "cned"
        }
    },
    {
        "model": "pro_players.player",
        "pk": 27,
        "fields": {
            "full_name": "Ryad Ensaad",
            "in_game_name": "Shin",
            "in_game_role": "Smoker",
            "team": "Karmine Corp",
            "twitter_link": "https://twitter.com/shinVALORANT",
            "twitch_link": null,
            "slug": "shin"
        }
    },
    {
        "model": "pro_players.player",
        "pk": 28,
        "fields": {
            "full_name": "Martin Pekov",
            "in_game_name": "Magnum",
            "in_game_role": "IGL",
            "team": "Karmine Corp",
            "twitter_link": "https://twitter.com/just_magnum",
            "twitch_link": "https://www.twitch.tv/justmagnum_",
            "slug": "magnum"
        }
    },
    {
        "model": "pro_players.player",
        "pk": 29,
        "fields": {
            "full_name": "Martin Ptek",
            "in_game_name": "marteen",
            "in_game_role": "Duelist",
            "team": "Karmine Corp",
            "twitter_link": "https://twitter.com/imthemarteen",
            "twitch_link": "https://www.twitch.tv/imthemarteen",
            "slug": "marteen"
        }
    },
    {
        "model": "pro_players.player",
        "pk": 30,
        "fields": {
            "full_name": "Marshall Massey",
            "in_game_name": "N4RRATE",
            "in_game_role": "Flex",
            "team": "Karmine Corp",
            "twitter_link": "https://twitter.com/N4RRATE",
            "twitch_link": "https://www.twitch.tv/N4RRATE",
            "slug": "n4rrate"
        }
    },
    {
        "model": "pro_players.player",
        "pk": 31,
        "fields": {
            "full_name": "Toms Machado",
            "in_game_name": "tomaszy",
            "in_game_role": "Sentinel",
            "team": "Karmine Corp",
            "twitter_link": "https://twitter.com/tomaszy_",
            "twitch_link": "https://www.twitch.tv/tomaszy_",
            "slug": "tomaszy"
        }
    },
    {
        "model": "pro_players.player",
        "pk": 32,
        "fields": {
            "full_name": "Kyrylo Karasov",
            "in_game_name": "ANGE1",
            "in_game_role": "IGL",
            "team": "Natus Vincere",
            "twitter_link": "https://twitter.com/OfficialANGE1",
            "twitch_link": "https://www.twitch.tv/ange1",
            "slug": "ange1"
        }
    },
    {
        "model": "pro_players.player",
        "pk": 33,
        "fields": {
            "full_name": "Dmitrii Iliushin",
            "in_game_name": "SUYGETSU",
            "in_game_role": "Sentinel",
            "team": "Natus Vincere",
            "twitter_link": "https://twitter.com/suygetsu",
            "twitch_link": "https://www.twitch.tv/suygetsu",
            "slug": "suygetsu"
        }
    },
    {
        "model": "pro_players.player",
        "pk": 34,
        "fields": {
            "full_name": "Andrei Kiprskii",
            "in_game_name": "Shao",
            "in_game_role": "Flex",
            "team": "Natus Vincere",
            "twitter_link": "https://twitter.com/Shaolele",
            "twitch_link": "https://www.twitch.tv/shaolele1",
            "slug": "shao"
        }
    },
    {
        "model": "pro_players.player",
        "pk": 35,
        "fields": {
            "full_name": "Pontus Eek",
            "in_game_name": "Zyppan",
            "in_game_role": "Flex",
            "team": "Natus Vincere",
            "twitter_link": "https://twitter.com/Zyppaan",
            "twitch_link": "https://www.twitch.tv/zyppaan",
            "slug": "zyppan"
        }
    },
    {
        "model": "pro_players.player",
        "pk": 36,
        "fields": {
            "full_name": "Ardis Svarenieks",
            "in_game_name": "ardiis",
            "in_game_role": "Duelist",
            "team": "Natus Vincere",
            "twitter_link": "https://twitter.com/ardiis",
            "twitch_link": "https://www.twitch.tv/ardiis",
            "slug": "ardiis"
        }
    },
    {
        "model": "pro_players.player",
        "pk": 37,
        "fields": {
            "full_name": "Beyazt Krpe",
            "in_game_name": "beyAz",
            "in_game_role": "IGL",
            "team": "Gentle Mates",
            "twitter_link": "https://twitter.com/beyAzBEAST",
            "twitch_link": "https://www.twitch.tv/beyAz",
            "slug": "beyaz"
        }
    },
    {
        "model": "pro_players.player",
        "pk": 38,
        "fields": {
            "full_name": "Nathan Bocqueho",
            "in_game_name": "nataNk",
            "in_game_role": "Flex",
            "team": "Gentle Mates",
            "twitter_link": "https://twitter.com/nataNk1wnl",
            "twitch_link": "https://www.twitch.tv/natank1wnl",
            "slug": "natank"
        }
    },
    {
        "model": "pro_players.player",
        "pk": 39,
        "fields": {
            "full_name": "Jonathan Paupard",
            "in_game_name": "TakaS",
            "in_game_role": "Duelist",
            "team": "Gentle Mates",
            "twitter_link": "https://twitter.com/TakaS_Jr",
            "twitch_link": "https://www.twitch.tv/takas_Jr",
            "slug": "takas"
        }
    },
    {
        "model": "pro_players.player",
        "pk": 40,
        "fields": {
            "full_name": "Wailers Locart",
            "in_game_name": "Wailers",
            "in_game_role": "Sentinel",
            "team": "Gentle Mates",
            "twitter_link": "https://twitter.com/Wailers_WL",
            "twitch_link": "https://www.twitch.tv/wailerswl",
            "slug": "wailers"
        }
    },
    {
        "model": "pro_players.player",
        "pk": 41,
        "fields": {
            "full_name": "Thomas Johner",
            "in_game_name": "kAdavra",
            "in_game_role": "Smoker",
            "team": "Gentle Mates",
            "twitter_link": "https://twitter.com/13kAdavra",
            "twitch_link": "https://www.twitch.tv/kadavra_val",
            "slug": "kadavra"
        }
    },
    {
        "model": "pro_players.player",
        "pk": 42,
        "fields": {
            "full_name": "Jokbas Labutis",
            "in_game_name": "ceNder",
            "in_game_role": "IGL",
            "team": "Team Vitality",
            "twitter_link": "https://twitter.com/ceNder1337",
            "twitch_link": "https://www.twitch.tv/cender1337",
            "slug": "cender"
        }
    },
    {
        "model": "pro_players.player",
        "pk": 43,
        "fields": {
            "full_name": "Emil Trajkovski",
            "in_game_name": "runneR",
            "in_game_role": "Sentinel",
            "team": "Team Vitality",
            "twitter_link": "https://twitter.com/runneR_vlr",
            "twitch_link": "https://www.twitch.tv/runner_val",
            "slug": "runner"
        }
    },
    {
        "model": "pro_players.player",
        "pk": 44,
        "fields": {
            "full_name": "Kimmie Laasner",
            "in_game_name": "Kicks",
            "in_game_role": "Initiator",
            "team": "Team Vitality",
            "twitter_link": "https://twitter.com/KicksVAL",
            "twitch_link": "https://www.twitch.tv/kicksval",
            "slug": "kicks"
        }
    },
    {
        "model": "pro_players.player",
        "pk": 45,
        "fields": {
            "full_name": "Saif Jibraeel",
            "in_game_name": "Sayf",
            "in_game_role": "Duelist",
            "team": "Team Vitality",
            "twitter_link": "https://twitter.com/DSajoof",
            "twitch_link": "https://www.twitch.tv/sayfdj",
            "slug": "sayf"
        }
    },
    {
        "model": "pro_players.player",
        "pk": 46,
        "fields": {
            "full_name": "Nikita Cherednichenko",
            "in_game_name": "trexx",
            "in_game_role": "Initiator",
            "team": "Team Vitality",
            "twitter_link": "https://twitter.com/trexxfps",
            "twitch_link": "https://www.twitch.tv/trexxfpss",
            "slug": "trexx"
        }
    },
    {
        "model": "pro_players.player",
        "pk": 47,
        "fields": {
            "full_name": "Kirill Nekhozhin",
            "in_game_name": "Cloud",
            "in_game_role": "Initiator",
            "team": "GIANTX",
            "twitter_link": "https://twitter.com/cloudezeee",
            "twitch_link": "https://www.twitch.tv/cloudvlr",
            "slug": "cloud"
        }
    },
    {
        "model": "pro_players.player",
        "pk": 48,
        "fields": {
            "full_name": "Aaro Peltokangas",
            "in_game_name": "hoody",
            "in_game_role": "Flex",
            "team": "GIANTX",
            "twitter_link": "https://twitter.com/hoodyVAL",
            "twitch_link": "https://www.twitch.tv/hoody",
            "slug": "hoody"
        }
    },
    {
        "model": "pro_players.player",
        "pk": 49,
        "fields": {
            "full_name": "Adolfo Gallego",
            "in_game_name": "Fit1nho",
            "in_game_role": "Sentinel",
            "team": "GIANTX",
            "twitter_link": "https://twitter.com/fit1nho",
            "twitch_link": "https://www.twitch.tv/fit1nho",
            "slug": "fit1nho"
        }
    },
    {
        "model": "pro_players.player",
        "pk": 50,
        "fields": {
            "full_name": "Semyon Borchev",
            "in_game_name": "purp0",
            "in_game_role": "Duelist",
            "team": "GIANTX",
            "twitter_link": "https://twitter.com/purp03",
            "twitch_link": "https://www.twitch.tv/purp0",
            "slug": "purp0"
        }
    },
    {
        "model": "pro_players.player",
        "pk": 51,
        "fields": {
            "full_name": "Erasmus Koivukangas",
            "in_game_name": "Famsii",
            "in_game_role": "Flex",
            "team": "GIANTX",
            "twitter_link": "https://twitter.com/Famsii1",
            "twitch_link": null,
            "slug": "famsii"
        }
    },
    {
        "model": "pro_players.player",
        "pk": 52,
        "fields": {
            "full_name": "Bogdan Naumov",
            "in_game_name": "Sheydos",
            "in_game_role": "Sentinel",
            "team": "KOI",
            "twitter_link": "https://twitter.com/Sheydosk1ng",
            "twitch_link": "https://www.twitch.tv/sheydosvl",
            "slug": "sheydos"
        }
    },
    {
        "model": "pro_players.player",
        "pk": 53,
        "fields": {
            "full_name": "Patryk Kopczyski",
            "in_game_name": "starxo",
            "in_game_role": "Initiator",
            "team": "KOI",
            "twitter_link": "https://twitter.com/starxo5",
            "twitch_link": "https://www.twitch.tv/starxo_",
            "slug": "starxo"
        }
    },
    {
        "model": "pro_players.player",
        "pk": 54,
        "fields": {
            "full_name": "Grzegorz Ryczko",
            "in_game_name": "GRUBINHO",
            "in_game_role": "Smoker",
            "team": "KOI",
            "twitter_link": "https://twitter.com/grubinhogaucho1",
            "twitch_link": "https://www.twitch.tv/grubinhogaucho",
            "slug": "grubinho"
        }
    },
    {
        "model": "pro_players.player",
        "pk": 55,
        "fields": {
            "full_name": "Kamil Frckowiak",
            "in_game_name": "kamo",
            "in_game_role": "Duelist",
            "team": "KOI",
            "twitter_link": "https://twitter.com/kamoyeess",
            "twitch_link": null,
            "slug": "kamo"
        }
    },
    {
        "model": "pro_players.player",
        "pk": 56,
        "fields": {
            "full_name": "Tobias Flodstrm",
            "in_game_name": "ShadoW",
            "in_game_role": "IGL",
            "team": "KOI",
            "twitter_link": "https://twitter.com/Shadowlolz",
            "twitch_link": "https://www.twitch.tv/shadowlolz",
            "slug": "shadow"
        }
    },
    {
        "model": "pro_players.player",
        "pk": 61,
        "fields": {
            "full_name": "Kajetan Haremski",
            "in_game_name": "kaajak",
            "in_game_role": "Duelist",
            "team": "Apeks",
            "twitter_link": "https://twitter.com/kaajakval",
            "twitch_link": "https://www.twitch.tv/kaajak1",
            "slug": "kaajak"
        }
    },
    {
        "model": "pro_players.player",
        "pk": 62,
        "fields": {
            "full_name": "Auni Chahade",
            "in_game_name": "AvovA",
            "in_game_role": "Duelist",
            "team": "Apeks",
            "twitter_link": "https://twitter.com/AvovAFPS",
            "twitch_link": "https://www.twitch.tv/AvovAgg",
            "slug": "avova"
        }
    },
    {
        "model": "pro_players.player",
        "pk": 63,
        "fields": {
            "full_name": "Tautvydas Paldavicius",
            "in_game_name": "hype",
            "in_game_role": "Duelist",
            "team": "Apeks",
            "twitter_link": "https://twitter.com/hypeVLR",
            "twitch_link": "https://www.twitch.tv/hype_val",
            "slug": "hype"
        }
    },
    {
        "model": "pro_players.player",
        "pk": 64,
        "fields": {
            "full_name": "Micha cki",
            "in_game_name": "MOLSI",
            "in_game_role": "Duelist",
            "team": "Apeks",
            "twitter_link": "https://twitter.com/molsiVAL",
            "twitch_link": "https://www.twitch.tv/molsi",
            "slug": "molsi"
        }
    },
    {
        "model": "pro_players.player",
        "pk": 66,
        "fields": {
            "full_name": "Dom Sulcas",
            "in_game_name": "soulcas",
            "in_game_role": "Flex",
            "team": "Apeks",
            "twitter_link": "https://twitter.com/soulcas_",
            "twitch_link": "https://www.twitch.tv/soulcas",
            "slug": "soulcas"
        }
    },
    {
        "model": "pro_players.player",
        "pk": 68,
        "fields": {
            "full_name": "Max Mazanov",
            "in_game_name": "Demon1",
            "in_game_role": "Duelist",
            "team": "Liquid",
            "twitter_link": null,
            "twitch_link": null,
            "slug": "demon1"
        }
    },
    {
        "model": "pro_players.player",
        "pk": 69,
        "fields": {
            "full_name": "Erick Santos",
            "in_game_name": "aspas",
            "in_game_role": "Duelist",
            "team": null,
            "twitter_link": null,
            "twitch_link": null,
            "slug": "aspas"
        }
    },
    {
        "model": "pro_players.player",
        "pk": 70,
        "fields": {
            "full_name": "Erick Bach",
            "in_game_name": "Xeppaa",
            "in_game_role": "Initiator",
            "team": null,
            "twitter_link": null,
            "twitch_link": null,
            "slug": "xeppaa"
        }
    },
    {
        "model": "pro_players.player",
        "pk": 71,
        "fields": {
            "full_name": "Francis Hoang",
            "in_game_name": "OXY",
            "in_game_role": "Duelist",
            "team": null,
            "twitter_link": "https://twitter.com/Lft_Oxy",
            "twitch_link": "https://www.twitch.tv/LFToxy_val",
            "slug": "oxy"
        }
    },
    {
        "model": "pro_players.player",
        "pk": 83,
        "fields": {
            "full_name": "Dasdsa asdasdff",
            "in_game_name": "Ffffee",
            "in_game_role": "Duelist",
            "team": "BBL",
            "twitter_link": "",
            "twitch_link": "",
            "slug": "ffffee"
        }
    },
    {
        "model": "pro_players.player",
        "pk": 84,
        "fields": {
            "full_name": "Sean bezerra",
            "in_game_name": "bang",
            "in_game_role": "Smoker",
            "team": "Sentinels",
            "twitter_link": "https://twitter.com/bangzerra",
            "twitch_link": "https://www.twitch.tv/bangzerra",
            "slug": "bang"
        }
    },
    {
        "model": "pro_players.comment",
        "pk": 1,
        "fields": {
            "team": "Liquid",
            "name": "Dilozy",
            "body": "  !",
            "created": "2024-10-03T14:04:19.353Z",
            "updated": "2024-11-10T12:56:28.163Z",
            "active": true
        }
    },
    {
        "model": "pro_players.comment",
        "pk": 2,
        "fields": {
            "team": "Liquid",
            "name": "BibaBoba",
            "body": " !!",
            "created": "2024-10-03T14:05:01.538Z",
            "updated": "2024-10-03T14:05:01.538Z",
            "active": true
        }
    },
    {
        "model": "pro_players.comment",
        "pk": 3,
        "fields": {
            "team": "Liquid",
            "name": "fjjf",
            "body": "   ",
            "created": "2024-10-03T14:05:41.597Z",
            "updated": "2024-10-03T14:05:41.597Z",
            "active": true
        }
    },
    {
        "model": "pro_players.comment",
        "pk": 4,
        "fields": {
            "team": "Liquid",
            "name": "dilozy",
            "body": "rhghf",
            "created": "2024-11-01T12:06:52.708Z",
            "updated": "2024-11-01T12:06:52.711Z",
            "active": true
        }
    },
    {
        "model": "pro_players.comment",
        "pk": 5,
        "fields": {
            "team": "Liquid",
            "name": "dilozy",
            "body": "dfdfd",
            "created": "2024-11-01T12:08:08.941Z",
            "updated": "2024-11-01T12:08:08.944Z",
            "active": true
        }
    },
    {
        "model": "pro_players.comment",
        "pk": 6,
        "fields": {
            "team": "BBL",
            "name": "dilozy",
            "body": "fgdfgdf",
            "created": "2024-11-10T10:37:01.017Z",
            "updated": "2024-11-10T10:37:01.019Z",
            "active": true
        }
    },
    {
        "model": "pro_players.comment",
        "pk": 7,
        "fields": {
            "team": "Liquid",
            "name": "dilozy",
            "body": "    ",
            "created": "2024-11-10T12:53:01.447Z",
            "updated": "2024-11-10T12:53:01.447Z",
            "active": true
        }
    },
    {
        "model": "pro_players.comment",
        "pk": 8,
        "fields": {
            "team": "Liquid",
            "name": "dilozy",
            "body": "",
            "created": "2024-11-10T12:53:35.153Z",
            "updated": "2024-11-10T12:53:35.153Z",
            "active": true
        }
    },
    {
        "model": "pro_players.comment",
        "pk": 9,
        "fields": {
            "team": "Liquid",
            "name": "dilozy",
            "body": "    ",
            "created": "2024-11-10T12:53:44.153Z",
            "updated": "2024-11-10T12:53:44.153Z",
            "active": true
        }
    },
    {
        "model": "pro_players.comment",
        "pk": 10,
        "fields": {
            "team": "Liquid",
            "name": "dilozy",
            "body": "    ",
            "created": "2024-11-10T12:53:47.164Z",
            "updated": "2024-11-10T12:53:47.164Z",
            "active": true
        }
    },
    {
        "model": "pro_players.comment",
        "pk": 11,
        "fields": {
            "team": "Liquid",
            "name": "dilozy",
            "body": "    ",
            "created": "2024-11-10T12:53:48.314Z",
            "updated": "2024-11-10T12:53:48.314Z",
            "active": true
        }
    },
    {
        "model": "pro_players.highlight",
        "pk": 5,
        "fields": {
            "video_title": "Champions Grand Final Guardian 3k",
            "video_url": "RftQ12f7S_E",
            "player": 68
        }
    },
    {
        "model": "pro_players.highlight",
        "pk": 6,
        "fields": {
            "video_title": "Double kill against NRG",
            "video_url": "ExBFrOTlAn8",
            "player": 68
        }
    },
    {
        "model": "pro_players.highlight",
        "pk": 7,
        "fields": {
            "video_title": "Insane knives ACE against FURIA",
            "video_url": "PtUbQsHJzUE",
            "player": 68
        }
    },
    {
        "model": "pro_players.highlight",
        "pk": 8,
        "fields": {
            "video_title": "Ghost ACE against KC",
            "video_url": "X5B-0Q7iSpc",
            "player": 26
        }
    },
    {
        "model": "pro_players.highlight",
        "pk": 9,
        "fields": {
            "video_title": "1v5 ACE vs Navi",
            "video_url": "M2G2CT466-o",
            "player": 30
        }
    },
    {
        "model": "social_django.usersocialauth",
        "pk": 4,
        "fields": {
            "user": 21,
            "provider": "twitch",
            "uid": "109799274",
            "extra_data": {
                "auth_time": 1729020218,
                "token_type": "bearer",
                "access_token": "q5za5u1arvidms16djc8apvv9gb91i"
            },
            "created": "2024-10-15T19:22:56.201Z",
            "modified": "2024-10-15T19:23:38.832Z"
        }
    },
    {
        "model": "authtoken.token",
        "pk": "d5c788e4fb3fd05ea931a55ac4484e1efc8642f2",
        "fields": {
            "user": 21,
            "created": "2024-11-01T08:04:59.695Z"
        }
    }
]